,word1,word2,freq
0,경제,홍삼,11
1,사진,홍삼,11
2,제조,홍삼,11
3,식품,홍삼,11
4,유통,홍삼,11
5,선물,홍삼,11
6,중복,홍삼,11
7,한국,홍삼,11
8,입력,홍삼,11
9,특징,홍삼,11
10,미생물,홍삼,11
11,영양학,홍삼,11
12,유해,홍삼,11
13,함유,홍삼,11
14,비타민,홍삼,11
15,식물,홍삼,11
16,한국인,홍삼,11
17,분해,홍삼,11
18,소포,홍삼,11
19,경우,홍삼,11
20,기자,홍삼,11
21,도사,홍삼,11
22,영해,홍삼,11
23,일반,홍삼,11
24,기한,홍삼,11
25,사용,홍삼,11
26,금지,홍삼,11
27,생산,홍삼,11
28,저분자,홍삼,11
29,파운드,홍삼,11
30,변환,홍삼,11
31,다음,홍삼,11
32,세포,홍삼,11
33,섭취,홍삼,11
34,아시아,홍삼,11
35,성분,홍삼,11
36,무단,홍삼,11
37,용량,홍삼,11
38,자료,홍삼,11
39,나머지,홍삼,11
40,관심,홍삼,11
41,감미료,홍삼,11
42,문혜원,홍삼,11
43,프린트,홍삼,11
44,관리,홍삼,11
45,용해,홍삼,11
46,제등,홍삼,11
47,분쇄,홍삼,11
48,공법,홍삼,11
49,미세,홍삼,11
50,분말,홍삼,11
51,홍삼,흡수,11
52,체내,홍삼,11
53,보존료,홍삼,11
54,안전,홍삼,11
55,스틱,홍삼,11
56,홍삼,효소,11
57,기사,홍삼,11
58,도소,홍삼,11
59,지용성,홍삼,11
60,향료,홍삼,11
61,인공,홍삼,11
62,처리,홍삼,11
63,발효,홍삼,11
64,케이,홍삼,11
65,형태,홍삼,11
66,홍삼,회지,11
67,기바,홍삼,11
68,추석,홍삼,11
69,제공,홍삼,11
70,혜택,홍삼,11
71,사포닌,홍삼,11
72,인증,홍삼,11
73,수정,홍삼,11
74,행사,홍삼,11
75,소비자,홍삼,11
76,최종,홍삼,11
77,세계,홍삼,11
78,과정,홍삼,11
79,시설,홍삼,11
80,안심,홍삼,11
81,고분자,홍삼,11
82,체질,홍삼,11
83,바로,홍삼,11
84,핵심,홍삼,11
85,제품,홍삼,11
86,차이,홍삼,11
87,기간,홍삼,11
88,을사,홍삼,11
89,증점,홍삼,11
90,일드,홍삼,11
91,사이드,홍삼,11
92,배포,홍삼,11
93,전하,홍삼,11
94,성분,파운드,9
95,영해,파운드,9
96,관심,파운드,9
97,안전,파운드,9
98,분말,파운드,9
99,제공,파운드,9
100,전하,파운드,9
101,보존료,파운드,9
102,사이드,파운드,9
103,추석,파운드,9
104,소비자,파운드,9
105,경우,파운드,9
106,도사,파운드,9
107,영양학,파운드,9
108,기한,파운드,9
109,다음,파운드,9
110,일반,파운드,9
111,최종,파운드,9
112,을사,파운드,9
113,기사,파운드,9
114,기간,파운드,9
115,체질,파운드,9
116,일드,파운드,9
117,지용성,파운드,9
118,인공,파운드,9
119,사포닌,파운드,9
120,체내,파운드,9
121,처리,파운드,9
122,비타민,파운드,9
123,고분자,파운드,9
124,차이,파운드,9
125,기바,파운드,9
126,증점,파운드,9
127,기자,파운드,9
128,저분자,파운드,9
129,세계,파운드,9
130,용량,파운드,9
131,세포,파운드,9
132,자료,파운드,9
133,나머지,파운드,9
134,용해,파운드,9
135,분쇄,파운드,9
136,금지,파운드,9
137,유통,파운드,9
138,케이,파운드,9
139,사용,파운드,9
140,유해,파운드,9
141,분해,파운드,9
142,공법,파운드,9
143,경제,파운드,9
144,입력,파운드,9
145,도소,파운드,9
146,인증,파운드,9
147,파운드,프린트,9
148,생산,파운드,9
149,파운드,함유,9
150,바로,파운드,9
151,파운드,효소,9
152,파운드,회지,9
153,소포,파운드,9
154,제등,파운드,9
155,안심,파운드,9
156,시설,파운드,9
157,제품,파운드,9
158,파운드,혜택,9
159,특징,파운드,9
160,파운드,형태,9
161,미세,파운드,9
162,아시아,파운드,9
163,파운드,향료,9
164,파운드,한국,9
165,식물,파운드,9
166,파운드,행사,9
167,파운드,핵심,9
168,변환,파운드,9
169,파운드,흡수,9
170,파운드,한국인,9
171,문혜원,파운드,9
172,배포,파운드,9
173,무단,파운드,9
174,관리,파운드,9
175,선물,파운드,9
176,섭취,파운드,9
177,스틱,파운드,9
178,미생물,파운드,9
179,사진,파운드,9
180,중복,파운드,9
181,식품,파운드,9
182,수정,파운드,9
183,발효,파운드,9
184,감미료,파운드,9
185,과정,파운드,9
186,제조,파운드,9
187,식품,케이,8
188,경제,케이,8
189,감미료,케이,8
190,공법,케이,8
191,섭취,케이,8
192,유통,케이,8
193,케이,한국인,8
194,제품,케이,8
195,미생물,케이,8
196,기한,케이,8
197,분해,케이,8
198,유해,케이,8
199,케이,함유,8
200,변환,케이,8
201,사포닌,케이,8
202,인증,케이,8
203,기바,케이,8
204,수정,케이,8
205,배포,케이,8
206,중복,케이,8
207,고분자,케이,8
208,처리,케이,8
209,차이,케이,8
210,비타민,케이,8
211,발효,케이,8
212,체내,케이,8
213,스틱,케이,8
214,인공,케이,8
215,일드,케이,8
216,지용성,케이,8
217,입력,케이,8
218,체질,케이,8
219,과정,케이,8
220,바로,케이,8
221,시설,케이,8
222,기사,케이,8
223,기간,케이,8
224,최종,케이,8
225,일반,케이,8
226,을사,케이,8
227,증점,케이,8
228,미세,케이,8
229,선물,케이,8
230,식물,케이,8
231,세계,케이,8
232,아시아,케이,8
233,사용,케이,8
234,자료,케이,8
235,영해,케이,8
236,성분,케이,8
237,전하,케이,8
238,사이드,케이,8
239,소비자,케이,8
240,영양학,케이,8
241,생산,케이,8
242,도사,케이,8
243,안심,케이,8
244,제등,케이,8
245,관심,케이,8
246,소포,케이,8
247,사진,케이,8
248,추석,케이,8
249,경우,케이,8
250,케이,흡수,8
251,케이,효소,8
252,케이,회지,8
253,안전,케이,8
254,제공,케이,8
255,보존료,케이,8
256,케이,혜택,8
257,케이,형태,8
258,도소,케이,8
259,케이,향료,8
260,케이,특징,8
261,케이,행사,8
262,케이,핵심,8
263,케이,프린트,8
264,케이,한국,8
265,분말,케이,8
266,기자,케이,8
267,세포,케이,8
268,용해,케이,8
269,무단,케이,8
270,저분자,케이,8
271,관리,케이,8
272,제조,케이,8
273,문혜원,케이,8
274,나머지,케이,8
275,용량,케이,8
276,분쇄,케이,8
277,다음,케이,8
278,금지,케이,8
279,일드,체질,4
280,사포닌,시설,4
281,일드,제등,4
282,일드,제조,4
283,관심,일드,4
284,입력,흡수,4
285,일드,제품,4
286,사포닌,식물,4
287,사포닌,스틱,4
288,일드,증점,4
289,일드,중복,4
290,일드,체내,4
291,일드,지용성,4
292,일드,최종,4
293,일드,제공,4
294,자료,흡수,4
295,일드,처리,4
296,관심,사포닌,4
297,성분,일드,4
298,일드,차이,4
299,기간,사포닌,4
300,일드,전하,4
301,인증,흡수,4
302,비타민,회지,4
303,사이드,사포닌,4
304,사용,흡수,4
305,비타민,효소,4
306,사포닌,안심,4
307,비타민,흡수,4
308,사용,사포닌,4
309,금지,흡수,4
310,사포닌,아시아,4
311,일드,저분자,4
312,세계,일드,4
313,사포닌,식품,4
314,관리,일드,4
315,기바,일드,4
316,제공,흡수,4
317,일드,일반,4
318,일드,추석,4
319,일드,자료,4
320,일드,입력,4
321,일드,특징,4
322,사진,사포닌,4
323,세계,흡수,4
324,사포닌,세포,4
325,사이드,일드,4
326,금지,사포닌,4
327,관리,비타민,4
328,금지,비타민,4
329,사포닌,세계,4
330,사포닌,성분,4
331,사진,흡수,4
332,사진,일드,4
333,사포닌,섭취,4
334,관리,사포닌,4
335,사포닌,선물,4
336,기간,비타민,4
337,섭취,흡수,4
338,사용,일드,4
339,관리,흡수,4
340,기간,일드,4
341,일반,흡수,4
342,저분자,흡수,4
343,관심,흡수,4
344,사포닌,생산,4
345,제조,흡수,4
346,사포닌,소비자,4
347,제등,흡수,4
348,기간,흡수,4
349,사포닌,수정,4
350,사이드,흡수,4
351,사포닌,소포,4
352,금지,일드,4
353,기바,사포닌,4
354,일드,프린트,4
355,일드,한국,4
356,일드,한국인,4
357,기바,비타민,4
358,일드,함유,4
359,성분,흡수,4
360,일드,핵심,4
361,관심,비타민,4
362,일드,행사,4
363,일드,향료,4
364,일드,형태,4
365,제품,흡수,4
366,전하,흡수,4
367,일드,회지,4
368,일드,효소,4
369,일드,흡수,4
370,일드,혜택,4
371,효소,흡수,4
372,비타민,혜택,4
373,도소,일드,4
374,분말,사포닌,4
375,소비자,흡수,4
376,영양학,일드,4
377,분말,비타민,4
378,도소,비타민,4
379,보존료,흡수,4
380,도소,사포닌,4
381,안전,흡수,4
382,소포,일드,4
383,도사,일드,4
384,안전,일드,4
385,보존료,일드,4
386,도소,흡수,4
387,안심,흡수,4
388,무단,비타민,4
389,무단,사포닌,4
390,보존료,사포닌,4
391,소포,흡수,4
392,도사,흡수,4
393,영양학,흡수,4
394,보존료,비타민,4
395,분쇄,사포닌,4
396,나머지,흡수,4
397,용해,일드,4
398,분쇄,일드,4
399,용량,흡수,4
400,다음,비타민,4
401,다음,사포닌,4
402,다음,일드,4
403,세포,흡수,4
404,용량,일드,4
405,분말,일드,4
406,분쇄,비타민,4
407,분말,흡수,4
408,영해,흡수,4
409,다음,흡수,4
410,도사,비타민,4
411,도사,사포닌,4
412,소비자,일드,4
413,영해,일드,4
414,무단,일드,4
415,안심,일드,4
416,나머지,일드,4
417,발효,사포닌,4
418,시설,흡수,4
419,바로,일드,4
420,변환,사포닌,4
421,변환,비타민,4
422,배포,흡수,4
423,시설,일드,4
424,바로,흡수,4
425,발효,비타민,4
426,스틱,흡수,4
427,바로,비타민,4
428,발효,일드,4
429,스틱,일드,4
430,발효,흡수,4
431,배포,비타민,4
432,수정,흡수,4
433,배포,사포닌,4
434,수정,일드,4
435,배포,일드,4
436,바로,사포닌,4
437,변환,일드,4
438,변환,흡수,4
439,아시아,일드,4
440,아시아,흡수,4
441,무단,흡수,4
442,문혜원,비타민,4
443,문혜원,사포닌,4
444,문혜원,일드,4
445,문혜원,흡수,4
446,미생물,비타민,4
447,미생물,사포닌,4
448,미생물,일드,4
449,식물,일드,4
450,식품,흡수,4
451,미생물,흡수,4
452,미세,비타민,4
453,미세,사포닌,4
454,식품,일드,4
455,식물,흡수,4
456,미세,일드,4
457,미세,흡수,4
458,세포,일드,4
459,용해,흡수,4
460,비타민,형태,4
461,비타민,일드,4
462,비타민,제조,4
463,기사,사포닌,4
464,비타민,제등,4
465,비타민,제공,4
466,비타민,전하,4
467,비타민,저분자,4
468,비타민,입력,4
469,비타민,일반,4
470,비타민,인증,4
471,비타민,중복,4
472,비타민,인공,4
473,비타민,을사,4
474,비타민,유해,4
475,비타민,유통,4
476,비타민,용해,4
477,비타민,용량,4
478,비타민,영해,4
479,기사,일드,4
480,비타민,제품,4
481,기사,비타민,4
482,비타민,안전,4
483,비타민,특징,4
484,비타민,향료,4
485,비타민,행사,4
486,비타민,핵심,4
487,비타민,함유,4
488,비타민,한국인,4
489,비타민,한국,4
490,비타민,프린트,4
491,기바,흡수,4
492,비타민,추석,4
493,비타민,증점,4
494,비타민,최종,4
495,비타민,체질,4
496,비타민,체내,4
497,비타민,처리,4
498,비타민,차이,4
499,인증,일드,4
500,인공,흡수,4
501,비타민,지용성,4
502,비타민,영양학,4
503,비타민,안심,4
504,유통,일드,4
505,기한,일드,4
506,비타민,사진,4
507,비타민,사이드,4
508,비타민,사용,4
509,분해,흡수,4
510,기한,비타민,4
511,을사,일드,4
512,기한,사포닌,4
513,유해,흡수,4
514,분해,일드,4
515,과정,흡수,4
516,유해,일드,4
517,유통,흡수,4
518,기한,흡수,4
519,나머지,비타민,4
520,나머지,사포닌,4
521,분해,사포닌,4
522,분해,비타민,4
523,분쇄,흡수,4
524,기자,흡수,4
525,기자,일드,4
526,비타민,아시아,4
527,비타민,소비자,4
528,비타민,식품,4
529,인공,일드,4
530,비타민,식물,4
531,을사,흡수,4
532,비타민,시설,4
533,비타민,스틱,4
534,비타민,수정,4
535,비타민,소포,4
536,비타민,세포,4
537,기자,사포닌,4
538,비타민,세계,4
539,비타민,성분,4
540,비타민,섭취,4
541,비타민,선물,4
542,비타민,생산,4
543,비타민,사포닌,4
544,기사,흡수,4
545,기자,비타민,4
546,사포닌,안전,4
547,비타민,자료,4
548,사포닌,제품,4
549,감미료,일드,4
550,경우,일드,4
551,추석,흡수,4
552,고분자,흡수,4
553,사포닌,흡수,4
554,사포닌,효소,4
555,경우,흡수,4
556,핵심,흡수,4
557,사포닌,회지,4
558,한국인,흡수,4
559,사포닌,영양학,4
560,최종,흡수,4
561,사포닌,혜택,4
562,사포닌,형태,4
563,생산,일드,4
564,프린트,흡수,4
565,생산,흡수,4
566,과정,일드,4
567,사포닌,향료,4
568,경우,비타민,4
569,사포닌,일드,4
570,사포닌,행사,4
571,차이,흡수,4
572,사포닌,인증,4
573,사포닌,일반,4
574,과정,비타민,4
575,사포닌,유통,4
576,체내,흡수,4
577,감미료,비타민,4
578,고분자,비타민,4
579,사포닌,유해,4
580,경우,사포닌,4
581,감미료,사포닌,4
582,사포닌,용해,4
583,한국,흡수,4
584,선물,흡수,4
585,사포닌,을사,4
586,고분자,일드,4
587,행사,흡수,4
588,사포닌,용량,4
589,처리,흡수,4
590,사포닌,영해,4
591,중복,흡수,4
592,과정,사포닌,4
593,경제,일드,4
594,섭취,일드,4
595,사포닌,인공,4
596,감미료,흡수,4
597,지용성,흡수,4
598,체질,흡수,4
599,사포닌,제조,4
600,사포닌,추석,4
601,사포닌,입력,4
602,사포닌,체질,4
603,형태,흡수,4
604,특징,흡수,4
605,사포닌,제등,4
606,선물,일드,4
607,사포닌,체내,4
608,사포닌,처리,4
609,경제,비타민,4
610,공법,일드,4
611,사포닌,차이,4
612,혜택,흡수,4
613,증점,흡수,4
614,경제,흡수,4
615,사포닌,지용성,4
616,사포닌,증점,4
617,회지,흡수,4
618,사포닌,제공,4
619,사포닌,최종,4
620,사포닌,중복,4
621,사포닌,자료,4
622,사포닌,핵심,4
623,향료,흡수,4
624,사포닌,함유,4
625,공법,비타민,4
626,사포닌,한국인,4
627,경제,사포닌,4
628,사포닌,한국,4
629,공법,흡수,4
630,고분자,사포닌,4
631,함유,흡수,4
632,사포닌,저분자,4
633,사포닌,특징,4
634,공법,사포닌,4
635,사포닌,전하,4
636,사포닌,프린트,4
637,기자,스틱,3
638,무단,아시아,3
639,소포,효소,3
640,경우,분해,3
641,경제,효소,3
642,특징,효소,3
643,수정,스틱,3
644,보존료,분해,3
645,무단,스틱,3
646,경제,회지,3
647,기자,분해,3
648,변환,효소,3
649,추석,효소,3
650,보존료,스틱,3
651,도소,스틱,3
652,경제,특징,3
653,분해,회지,3
654,분해,효소,3
655,경제,프린트,3
656,경제,한국,3
657,경제,한국인,3
658,경제,함유,3
659,안전,효소,3
660,경제,핵심,3
661,기자,효소,3
662,경제,행사,3
663,소포,아시아,3
664,도소,아시아,3
665,기자,아시아,3
666,섭취,스틱,3
667,경제,향료,3
668,경제,형태,3
669,아시아,회지,3
670,경우,아시아,3
671,도소,효소,3
672,경우,스틱,3
673,안심,효소,3
674,경제,혜택,3
675,무단,분해,3
676,보존료,아시아,3
677,선물,효소,3
678,아시아,효소,3
679,기사,아시아,3
680,아시아,혜택,3
681,기바,아시아,3
682,기바,효소,3
683,차이,효소,3
684,고분자,효소,3
685,문혜원,효소,3
686,프린트,효소,3
687,세포,아시아,3
688,인증,효소,3
689,아시아,특징,3
690,아시아,추석,3
691,지용성,효소,3
692,공법,분해,3
693,아시아,최종,3
694,기사,효소,3
695,기바,스틱,3
696,아시아,체질,3
697,아시아,체내,3
698,미생물,분해,3
699,공법,스틱,3
700,아시아,처리,3
701,공법,아시아,3
702,기바,분해,3
703,아시아,차이,3
704,아시아,지용성,3
705,증점,효소,3
706,생산,스틱,3
707,생산,아시아,3
708,인공,효소,3
709,감미료,효소,3
710,아시아,형태,3
711,아시아,향료,3
712,아시아,행사,3
713,아시아,핵심,3
714,아시아,함유,3
715,아시아,한국인,3
716,아시아,한국,3
717,아시아,프린트,3
718,무단,효소,3
719,체질,효소,3
720,문혜원,분해,3
721,을사,효소,3
722,경우,경제,3
723,고분자,분해,3
724,체내,효소,3
725,고분자,스틱,3
726,분해,형태,3
727,문혜원,스틱,3
728,기사,스틱,3
729,고분자,아시아,3
730,문혜원,아시아,3
731,기사,분해,3
732,처리,효소,3
733,분해,혜택,3
734,과정,효소,3
735,분해,향료,3
736,경제,시설,3
737,분말,아시아,3
738,경우,효소,3
739,경제,수정,3
740,경제,소포,3
741,경제,고분자,3
742,경제,공법,3
743,경제,과정,3
744,영양학,효소,3
745,경제,관리,3
746,경제,관심,3
747,경제,금지,3
748,경제,소비자,3
749,도사,아시아,3
750,나머지,효소,3
751,경제,세포,3
752,도사,스틱,3
753,감미료,경제,3
754,경제,스틱,3
755,경제,식물,3
756,경제,세계,3
757,경제,식품,3
758,분해,사진,3
759,분해,사이드,3
760,분해,사용,3
761,나머지,스틱,3
762,경제,유통,3
763,경제,용해,3
764,나머지,아시아,3
765,분쇄,효소,3
766,경제,용량,3
767,경제,영해,3
768,도사,효소,3
769,경제,영양학,3
770,용해,효소,3
771,분말,스틱,3
772,경제,안전,3
773,경제,안심,3
774,경제,아시아,3
775,경제,기간,3
776,경제,성분,3
777,분해,생산,3
778,경제,도소,3
779,분쇄,스틱,3
780,경제,분해,3
781,영해,효소,3
782,세포,효소,3
783,경제,분쇄,3
784,경제,분말,3
785,경제,문혜원,3
786,경제,미생물,3
787,경제,미세,3
788,소비자,스틱,3
789,경제,보존료,3
790,경제,바로,3
791,소비자,아시아,3
792,경제,변환,3
793,경제,배포,3
794,분쇄,분해,3
795,경제,발효,3
796,경제,무단,3
797,다음,효소,3
798,경제,기바,3
799,경제,도사,3
800,경제,기사,3
801,경제,섭취,3
802,경제,선물,3
803,다음,분해,3
804,경제,생산,3
805,용량,효소,3
806,도사,분해,3
807,경제,사진,3
808,경제,사이드,3
809,경제,기자,3
810,경제,기한,3
811,경제,나머지,3
812,경제,다음,3
813,다음,스틱,3
814,분쇄,아시아,3
815,경제,사용,3
816,다음,아시아,3
817,경제,유해,3
818,분해,선물,3
819,분해,행사,3
820,분해,체질,3
821,분해,처리,3
822,분해,차이,3
823,경제,증점,3
824,분해,지용성,3
825,경제,중복,3
826,분해,증점,3
827,분말,분해,3
828,분해,중복,3
829,경제,제품,3
830,분해,제품,3
831,분해,제조,3
832,분해,제등,3
833,분해,제공,3
834,분해,전하,3
835,분해,저분자,3
836,분해,자료,3
837,분해,입력,3
838,분해,체내,3
839,기한,아시아,3
840,경제,제조,3
841,분해,최종,3
842,분해,핵심,3
843,기한,분해,3
844,경제,추석,3
845,분해,함유,3
846,분해,한국인,3
847,경제,최종,3
848,경제,체질,3
849,분해,프린트,3
850,경제,체내,3
851,보존료,효소,3
852,유해,효소,3
853,경제,처리,3
854,경제,차이,3
855,분해,특징,3
856,경제,지용성,3
857,기한,스틱,3
858,분해,추석,3
859,분해,일반,3
860,분해,인증,3
861,분해,섭취,3
862,기한,효소,3
863,분해,아시아,3
864,분해,식품,3
865,분해,식물,3
866,분해,시설,3
867,분해,스틱,3
868,분해,수정,3
869,경제,인증,3
870,최종,효소,3
871,분해,소포,3
872,분해,소비자,3
873,나머지,분해,3
874,경제,인공,3
875,소비자,효소,3
876,분해,세포,3
877,분해,세계,3
878,경제,을사,3
879,분해,성분,3
880,경제,일반,3
881,분해,안심,3
882,분해,인공,3
883,경제,입력,3
884,분해,을사,3
885,도소,분해,3
886,분해,유해,3
887,섭취,아시아,3
888,경제,제등,3
889,경제,제공,3
890,분해,유통,3
891,경제,전하,3
892,분해,용해,3
893,분해,용량,3
894,소포,스틱,3
895,경제,저분자,3
896,유통,효소,3
897,분해,영해,3
898,경제,자료,3
899,분해,영양학,3
900,분해,안전,3
901,분해,한국,3
902,분말,효소,3
903,미세,효소,3
904,변환,아시아,3
905,스틱,추석,3
906,입력,효소,3
907,전하,효소,3
908,바로,아시아,3
909,스틱,특징,3
910,스틱,프린트,3
911,스틱,한국,3
912,스틱,한국인,3
913,사이드,효소,3
914,아시아,증점,3
915,한국인,효소,3
916,함유,효소,3
917,금지,효소,3
918,스틱,함유,3
919,사용,효소,3
920,스틱,핵심,3
921,발효,아시아,3
922,미세,분해,3
923,스틱,최종,3
924,스틱,체질,3
925,금지,스틱,3
926,스틱,제등,3
927,제조,효소,3
928,기간,분해,3
929,중복,효소,3
930,스틱,입력,3
931,바로,스틱,3
932,스틱,자료,3
933,스틱,저분자,3
934,스틱,제공,3
935,스틱,제조,3
936,미생물,효소,3
937,스틱,제품,3
938,스틱,중복,3
939,스틱,증점,3
940,시설,효소,3
941,스틱,지용성,3
942,스틱,차이,3
943,스틱,처리,3
944,스틱,체내,3
945,스틱,행사,3
946,스틱,향료,3
947,식물,아시아,3
948,식품,아시아,3
949,금지,아시아,3
950,세계,아시아,3
951,성분,아시아,3
952,사이드,스틱,3
953,관심,분해,3
954,미세,아시아,3
955,자료,효소,3
956,관심,아시아,3
957,변환,분해,3
958,수정,아시아,3
959,사이드,아시아,3
960,사진,아시아,3
961,세계,스틱,3
962,핵심,효소,3
963,식물,효소,3
964,사진,스틱,3
965,제공,효소,3
966,성분,효소,3
967,배포,효소,3
968,과정,스틱,3
969,발효,스틱,3
970,섭취,효소,3
971,스틱,형태,3
972,공법,효소,3
973,변환,스틱,3
974,제등,효소,3
975,스틱,혜택,3
976,스틱,회지,3
977,관리,효소,3
978,과정,아시아,3
979,스틱,효소,3
980,성분,스틱,3
981,행사,효소,3
982,감미료,스틱,3
983,감미료,분해,3
984,시설,아시아,3
985,선물,아시아,3
986,발효,분해,3
987,바로,효소,3
988,미세,스틱,3
989,스틱,일반,3
990,스틱,전하,3
991,관심,스틱,3
992,바로,분해,3
993,배포,스틱,3
994,아시아,입력,3
995,기간,아시아,3
996,아시아,자료,3
997,혜택,효소,3
998,사용,아시아,3
999,미생물,스틱,3
1000,제품,효소,3
1001,수정,효소,3
1002,기간,스틱,3
1003,형태,효소,3
1004,아시아,저분자,3
1005,선물,스틱,3
1006,스틱,시설,3
1007,관리,분해,3
1008,감미료,아시아,3
1009,회지,효소,3
1010,저분자,효소,3
1011,관심,효소,3
1012,아시아,을사,3
1013,아시아,유해,3
1014,아시아,일반,3
1015,아시아,유통,3
1016,아시아,용해,3
1017,아시아,용량,3
1018,아시아,영해,3
1019,아시아,영양학,3
1020,생산,효소,3
1021,아시아,안전,3
1022,미생물,아시아,3
1023,아시아,안심,3
1024,일반,효소,3
1025,배포,아시아,3
1026,식품,효소,3
1027,아시아,인증,3
1028,스틱,식물,3
1029,스틱,영해,3
1030,세포,스틱,3
1031,과정,분해,3
1032,스틱,용량,3
1033,스틱,용해,3
1034,관리,스틱,3
1035,스틱,유통,3
1036,스틱,유해,3
1037,한국,효소,3
1038,아시아,제조,3
1039,관리,아시아,3
1040,스틱,을사,3
1041,스틱,인공,3
1042,스틱,인증,3
1043,아시아,제품,3
1044,아시아,중복,3
1045,향료,효소,3
1046,배포,분해,3
1047,아시아,인공,3
1048,금지,분해,3
1049,기간,효소,3
1050,스틱,식품,3
1051,스틱,아시아,3
1052,세계,효소,3
1053,스틱,안심,3
1054,사용,스틱,3
1055,아시아,전하,3
1056,아시아,제공,3
1057,발효,효소,3
1058,스틱,안전,3
1059,아시아,제등,3
1060,스틱,영양학,3
1061,사진,효소,3
1062,시설,체내,2
1063,시설,최종,2
1064,변환,세포,2
1065,바로,변환,2
1066,변환,선물,2
1067,변환,섭취,2
1068,변환,세계,2
1069,변환,성분,2
1070,변환,영양학,2
1071,변환,소비자,2
1072,변환,소포,2
1073,변환,영해,2
1074,선물,체내,2
1075,경우,체내,2
1076,변환,생산,2
1077,변환,안전,2
1078,바로,성분,2
1079,변환,용량,2
1080,섭취,식품,2
1081,변환,용해,2
1082,변환,유통,2
1083,경우,최종,2
1084,바로,식품,2
1085,선물,식품,2
1086,변환,안심,2
1087,감미료,식품,2
1088,변환,식품,2
1089,변환,유해,2
1090,변환,을사,2
1091,변환,식물,2
1092,변환,시설,2
1093,식물,식품,2
1094,변환,인증,2
1095,시설,한국인,2
1096,변환,일반,2
1097,변환,수정,2
1098,변환,인공,2
1099,한국,한국인,2
1100,변환,사진,2
1101,도사,문혜원,2
1102,소비자,최종,2
1103,소비자,체내,2
1104,도사,식품,2
1105,도사,성분,2
1106,발효,체내,2
1107,분말,체내,2
1108,발효,최종,2
1109,분말,최종,2
1110,발효,한국인,2
1111,영해,체내,2
1112,영해,최종,2
1113,도사,변환,2
1114,감미료,문혜원,2
1115,배포,변환,2
1116,최종,핵심,2
1117,영해,한국인,2
1118,분말,한국인,2
1119,다음,한국인,2
1120,감미료,기자,2
1121,배포,성분,2
1122,배포,최종,2
1123,배포,체내,2
1124,수정,한국인,2
1125,배포,식품,2
1126,다음,최종,2
1127,감미료,과정,2
1128,수정,최종,2
1129,수정,체내,2
1130,영양학,한국인,2
1131,도사,체내,2
1132,변환,사이드,2
1133,도소,문혜원,2
1134,변환,사용,2
1135,바로,체내,2
1136,바로,최종,2
1137,감미료,성분,2
1138,도소,변환,2
1139,변환,분쇄,2
1140,변환,분말,2
1141,변환,보존료,2
1142,바로,한국인,2
1143,경우,한국인,2
1144,수정,식품,2
1145,발효,변환,2
1146,배포,한국인,2
1147,시설,식품,2
1148,분말,식품,2
1149,발효,성분,2
1150,최종,회지,2
1151,최종,혜택,2
1152,분말,성분,2
1153,최종,형태,2
1154,발효,식품,2
1155,도사,한국인,2
1156,최종,향료,2
1157,소비자,한국인,2
1158,최종,행사,2
1159,영양학,최종,2
1160,도사,최종,2
1161,감미료,변환,2
1162,영양학,체내,2
1163,식물,최종,2
1164,변환,입력,2
1165,문혜원,용해,2
1166,문혜원,식물,2
1167,식품,증점,2
1168,식품,지용성,2
1169,문혜원,식품,2
1170,식품,차이,2
1171,문혜원,안심,2
1172,문혜원,안전,2
1173,문혜원,영양학,2
1174,문혜원,영해,2
1175,문혜원,용량,2
1176,문혜원,유통,2
1177,변환,자료,2
1178,문혜원,유해,2
1179,문혜원,을사,2
1180,문혜원,인공,2
1181,식품,처리,2
1182,식품,체내,2
1183,문혜원,인증,2
1184,식품,체질,2
1185,식품,최종,2
1186,미생물,한국인,2
1187,문혜원,일반,2
1188,문혜원,시설,2
1189,한국인,함유,2
1190,문혜원,수정,2
1191,문혜원,소포,2
1192,문혜원,변환,2
1193,문혜원,보존료,2
1194,문혜원,분말,2
1195,문혜원,분쇄,2
1196,식품,전하,2
1197,문혜원,사용,2
1198,문혜원,사이드,2
1199,문혜원,사진,2
1200,식품,제공,2
1201,식품,제등,2
1202,미세,변환,2
1203,식품,제조,2
1204,문혜원,생산,2
1205,문혜원,선물,2
1206,식품,제품,2
1207,문혜원,섭취,2
1208,식품,중복,2
1209,문혜원,성분,2
1210,문혜원,세계,2
1211,문혜원,세포,2
1212,문혜원,소비자,2
1213,문혜원,입력,2
1214,식품,추석,2
1215,문혜원,자료,2
1216,식품,프린트,2
1217,문혜원,행사,2
1218,문혜원,향료,2
1219,다음,체내,2
1220,문혜원,혜택,2
1221,미생물,체내,2
1222,문혜원,회지,2
1223,식품,한국,2
1224,선물,한국인,2
1225,식품,한국인,2
1226,식품,함유,2
1227,식품,핵심,2
1228,식품,행사,2
1229,식품,향료,2
1230,식품,형태,2
1231,식품,혜택,2
1232,식품,회지,2
1233,감미료,최종,2
1234,미생물,변환,2
1235,미생물,식품,2
1236,감미료,한국인,2
1237,미생물,성분,2
1238,문혜원,핵심,2
1239,문혜원,함유,2
1240,문혜원,저분자,2
1241,미생물,최종,2
1242,문혜원,전하,2
1243,문혜원,제공,2
1244,문혜원,제등,2
1245,문혜원,제조,2
1246,문혜원,제품,2
1247,문혜원,중복,2
1248,선물,성분,2
1249,문혜원,증점,2
1250,문혜원,지용성,2
1251,문혜원,차이,2
1252,문혜원,처리,2
1253,문혜원,체내,2
1254,문혜원,체질,2
1255,식품,특징,2
1256,문혜원,최종,2
1257,문혜원,추석,2
1258,감미료,체내,2
1259,문혜원,특징,2
1260,문혜원,프린트,2
1261,문혜원,한국,2
1262,문혜원,한국인,2
1263,문혜원,배포,2
1264,문혜원,발효,2
1265,문혜원,바로,2
1266,안전,한국인,2
1267,안전,체내,2
1268,변환,최종,2
1269,보존료,최종,2
1270,변환,추석,2
1271,보존료,체내,2
1272,도소,체내,2
1273,도소,최종,2
1274,변환,특징,2
1275,식물,한국인,2
1276,도소,한국인,2
1277,경우,식품,2
1278,소포,체내,2
1279,변환,프린트,2
1280,변환,한국,2
1281,무단,문혜원,2
1282,섭취,성분,2
1283,한국인,회지,2
1284,생산,체내,2
1285,소포,최종,2
1286,무단,변환,2
1287,특징,한국인,2
1288,안전,최종,2
1289,보존료,한국인,2
1290,경우,성분,2
1291,변환,체질,2
1292,변환,저분자,2
1293,변환,전하,2
1294,변환,제공,2
1295,변환,제등,2
1296,도소,성분,2
1297,변환,제조,2
1298,변환,제품,2
1299,미세,한국인,2
1300,변환,중복,2
1301,추석,한국인,2
1302,변환,증점,2
1303,선물,최종,2
1304,변환,지용성,2
1305,변환,차이,2
1306,미세,최종,2
1307,변환,처리,2
1308,소포,식품,2
1309,미세,체내,2
1310,변환,체내,2
1311,식물,체내,2
1312,도소,식품,2
1313,변환,한국인,2
1314,변환,함유,2
1315,문혜원,미세,2
1316,변환,형태,2
1317,무단,체내,2
1318,무단,최종,2
1319,식품,용해,2
1320,프린트,한국인,2
1321,생산,한국인,2
1322,경우,과정,2
1323,식품,유통,2
1324,식품,유해,2
1325,식품,을사,2
1326,식품,인공,2
1327,무단,한국인,2
1328,미세,성분,2
1329,식품,인증,2
1330,한국인,향료,2
1331,식품,일반,2
1332,한국인,행사,2
1333,식품,입력,2
1334,식품,자료,2
1335,식품,저분자,2
1336,문혜원,미생물,2
1337,한국인,핵심,2
1338,변환,향료,2
1339,변환,혜택,2
1340,안심,한국인,2
1341,경우,기자,2
1342,생산,최종,2
1343,보존료,식품,2
1344,변환,핵심,2
1345,무단,성분,2
1346,한국인,혜택,2
1347,변환,행사,2
1348,소포,한국인,2
1349,안심,최종,2
1350,한국인,형태,2
1351,안심,체내,2
1352,무단,식품,2
1353,보존료,성분,2
1354,식품,안심,2
1355,식품,안전,2
1356,식품,영양학,2
1357,경우,변환,2
1358,미세,식품,2
1359,식품,영해,2
1360,경우,문혜원,2
1361,식품,용량,2
1362,변환,회지,2
1363,문혜원,형태,2
1364,분쇄,최종,2
1365,소비자,식품,2
1366,과정,관리,2
1367,성분,회지,2
1368,저분자,체내,2
1369,과정,기자,2
1370,사이드,식품,2
1371,과정,기사,2
1372,과정,기바,2
1373,과정,기간,2
1374,세계,식품,2
1375,자료,한국인,2
1376,사이드,성분,2
1377,금지,체내,2
1378,과정,금지,2
1379,금지,최종,2
1380,과정,관심,2
1381,자료,최종,2
1382,저분자,최종,2
1383,금지,한국인,2
1384,자료,체내,2
1385,기간,기자,2
1386,기간,문혜원,2
1387,사용,한국인,2
1388,공법,한국인,2
1389,기간,변환,2
1390,입력,한국인,2
1391,사용,최종,2
1392,공법,최종,2
1393,사용,체내,2
1394,기간,성분,2
1395,입력,최종,2
1396,입력,체내,2
1397,금지,식품,2
1398,과정,기한,2
1399,전하,최종,2
1400,성분,프린트,2
1401,전하,체내,2
1402,금지,기자,2
1403,성분,처리,2
1404,사이드,체내,2
1405,성분,체내,2
1406,성분,체질,2
1407,성분,최종,2
1408,성분,추석,2
1409,금지,문혜원,2
1410,과정,바로,2
1411,성분,특징,2
1412,과정,미세,2
1413,과정,미생물,2
1414,금지,변환,2
1415,과정,문혜원,2
1416,과정,나머지,2
1417,성분,한국,2
1418,과정,무단,2
1419,성분,한국인,2
1420,성분,함유,2
1421,성분,핵심,2
1422,과정,도소,2
1423,성분,행사,2
1424,성분,향료,2
1425,저분자,한국인,2
1426,금지,성분,2
1427,과정,도사,2
1428,성분,형태,2
1429,과정,다음,2
1430,성분,혜택,2
1431,기간,식품,2
1432,세계,체내,2
1433,세계,최종,2
1434,체내,최종,2
1435,인증,최종,2
1436,기바,한국인,2
1437,인증,체내,2
1438,처리,체내,2
1439,고분자,한국인,2
1440,처리,최종,2
1441,고분자,최종,2
1442,기사,기자,2
1443,고분자,체내,2
1444,처리,한국인,2
1445,생산,식품,2
1446,기사,문혜원,2
1447,기사,변환,2
1448,체내,체질,2
1449,체내,추석,2
1450,공법,체내,2
1451,체내,특징,2
1452,체내,프린트,2
1453,체내,한국,2
1454,인공,한국인,2
1455,기사,성분,2
1456,체내,한국인,2
1457,체내,함유,2
1458,체내,핵심,2
1459,고분자,식품,2
1460,인공,최종,2
1461,기사,식품,2
1462,체내,행사,2
1463,인공,체내,2
1464,체내,향료,2
1465,생산,성분,2
1466,기바,최종,2
1467,기바,체내,2
1468,공법,과정,2
1469,증점,체내,2
1470,증점,최종,2
1471,세계,한국인,2
1472,일반,한국인,2
1473,기간,체내,2
1474,기간,최종,2
1475,일반,최종,2
1476,증점,한국인,2
1477,일반,체내,2
1478,기간,한국인,2
1479,사용,식품,2
1480,기바,기자,2
1481,사용,성분,2
1482,세포,식품,2
1483,기바,문혜원,2
1484,기바,변환,2
1485,지용성,체내,2
1486,공법,식품,2
1487,지용성,최종,2
1488,공법,성분,2
1489,기바,성분,2
1490,지용성,한국인,2
1491,기바,식품,2
1492,공법,변환,2
1493,차이,체내,2
1494,차이,최종,2
1495,공법,기자,2
1496,차이,한국인,2
1497,인증,한국인,2
1498,사이드,최종,2
1499,과정,발효,2
1500,체내,혜택,2
1501,사진,체내,2
1502,관리,식품,2
1503,제품,체내,2
1504,섭취,체내,2
1505,섭취,최종,2
1506,과정,자료,2
1507,사진,한국인,2
1508,과정,입력,2
1509,과정,일반,2
1510,과정,인증,2
1511,과정,인공,2
1512,과정,을사,2
1513,제조,한국인,2
1514,사진,최종,2
1515,과정,유해,2
1516,과정,유통,2
1517,과정,저분자,2
1518,섭취,한국인,2
1519,제조,최종,2
1520,관리,체내,2
1521,관리,최종,2
1522,제조,체내,2
1523,과정,용해,2
1524,과정,용량,2
1525,관리,한국인,2
1526,과정,영해,2
1527,과정,영양학,2
1528,과정,안전,2
1529,과정,안심,2
1530,과정,식품,2
1531,성분,세계,2
1532,제품,최종,2
1533,과정,전하,2
1534,성분,차이,2
1535,과정,특징,2
1536,과정,회지,2
1537,과정,혜택,2
1538,과정,형태,2
1539,과정,향료,2
1540,관리,기자,2
1541,과정,행사,2
1542,과정,핵심,2
1543,중복,최종,2
1544,과정,함유,2
1545,중복,체내,2
1546,과정,한국인,2
1547,관리,문혜원,2
1548,과정,한국,2
1549,과정,프린트,2
1550,과정,추석,2
1551,과정,제공,2
1552,관리,변환,2
1553,과정,최종,2
1554,과정,체질,2
1555,과정,체내,2
1556,과정,처리,2
1557,과정,차이,2
1558,과정,지용성,2
1559,과정,증점,2
1560,과정,중복,2
1561,과정,제품,2
1562,과정,제조,2
1563,제품,한국인,2
1564,관리,성분,2
1565,과정,제등,2
1566,성분,세포,2
1567,관심,기자,2
1568,성분,소비자,2
1569,성분,제등,2
1570,과정,섭취,2
1571,제공,최종,2
1572,성분,일반,2
1573,과정,선물,2
1574,제공,체내,2
1575,성분,입력,2
1576,과정,생산,2
1577,성분,자료,2
1578,과정,사진,2
1579,성분,저분자,2
1580,성분,전하,2
1581,과정,사이드,2
1582,성분,제공,2
1583,과정,사용,2
1584,관심,체내,2
1585,과정,식물,2
1586,성분,제조,2
1587,관심,최종,2
1588,성분,제품,2
1589,사이드,한국인,2
1590,성분,중복,2
1591,성분,증점,2
1592,관심,한국인,2
1593,전하,한국인,2
1594,과정,분쇄,2
1595,성분,지용성,2
1596,과정,분말,2
1597,과정,보존료,2
1598,과정,변환,2
1599,과정,배포,2
1600,과정,성분,2
1601,사진,성분,2
1602,과정,세계,2
1603,성분,인증,2
1604,제등,한국인,2
1605,성분,소포,2
1606,성분,수정,2
1607,과정,시설,2
1608,관심,문혜원,2
1609,성분,시설,2
1610,제등,최종,2
1611,성분,식물,2
1612,관심,변환,2
1613,제등,체내,2
1614,성분,식품,2
1615,과정,수정,2
1616,성분,안심,2
1617,성분,안전,2
1618,성분,영양학,2
1619,과정,소포,2
1620,성분,영해,2
1621,과정,소비자,2
1622,관심,성분,2
1623,사진,식품,2
1624,과정,세포,2
1625,성분,용량,2
1626,성분,용해,2
1627,성분,유통,2
1628,관심,식품,2
1629,성분,유해,2
1630,성분,을사,2
1631,제공,한국인,2
1632,성분,인공,2
1633,체내,형태,2
1634,공법,문혜원,2
1635,체내,회지,2
1636,기자,처리,2
1637,기자,인공,2
1638,기자,인증,2
1639,기자,일반,2
1640,기자,입력,2
1641,기자,자료,2
1642,기자,저분자,2
1643,기자,전하,2
1644,기자,제공,2
1645,나머지,한국인,2
1646,기자,제등,2
1647,기자,제조,2
1648,기자,제품,2
1649,기자,중복,2
1650,기자,증점,2
1651,분쇄,체내,2
1652,기자,지용성,2
1653,용해,체내,2
1654,기자,을사,2
1655,기자,유해,2
1656,기자,유통,2
1657,기자,수정,2
1658,기자,세계,2
1659,세포,최종,2
1660,세포,체내,2
1661,다음,문혜원,2
1662,기자,세포,2
1663,기자,소비자,2
1664,기자,소포,2
1665,기자,시설,2
1666,기자,용해,2
1667,기자,식물,2
1668,기자,식품,2
1669,기자,안심,2
1670,기자,안전,2
1671,기자,영양학,2
1672,기자,영해,2
1673,기자,용량,2
1674,기자,차이,2
1675,기자,체내,2
1676,기자,성분,2
1677,기자,체질,2
1678,을사,체내,2
1679,기한,문혜원,2
1680,기한,변환,2
1681,기한,성분,2
1682,기한,식품,2
1683,유해,한국인,2
1684,유해,최종,2
1685,유해,체내,2
1686,기한,체내,2
1687,기한,최종,2
1688,기한,한국인,2
1689,유통,한국인,2
1690,나머지,문혜원,2
1691,나머지,변환,2
1692,유통,최종,2
1693,유통,체내,2
1694,나머지,성분,2
1695,기자,회지,2
1696,기자,혜택,2
1697,기자,형태,2
1698,중복,한국인,2
1699,기자,최종,2
1700,나머지,최종,2
1701,고분자,성분,2
1702,나머지,체내,2
1703,기자,추석,2
1704,용해,최종,2
1705,기자,특징,2
1706,기자,프린트,2
1707,기자,향료,2
1708,기자,한국,2
1709,용해,한국인,2
1710,기자,한국인,2
1711,분쇄,한국인,2
1712,기자,함유,2
1713,기자,핵심,2
1714,기자,행사,2
1715,다음,변환,2
1716,나머지,식품,2
1717,최종,추석,2
1718,기사,최종,2
1719,분쇄,성분,2
1720,기자,무단,2
1721,다음,식품,2
1722,기자,사이드,2
1723,을사,한국인,2
1724,기자,사용,2
1725,기자,분쇄,2
1726,최종,한국인,2
1727,용량,한국인,2
1728,기자,문혜원,2
1729,최종,한국,2
1730,기자,분말,2
1731,기자,보존료,2
1732,최종,프린트,2
1733,용량,체내,2
1734,기자,미생물,2
1735,기자,변환,2
1736,기사,한국인,2
1737,최종,특징,2
1738,기자,배포,2
1739,기자,발효,2
1740,고분자,기자,2
1741,기자,바로,2
1742,기자,사진,2
1743,분쇄,식품,2
1744,을사,최종,2
1745,고분자,변환,2
1746,체질,최종,2
1747,최종,함유,2
1748,기자,기한,2
1749,기자,나머지,2
1750,다음,성분,2
1751,기자,섭취,2
1752,기자,선물,2
1753,기자,다음,2
1754,기자,생산,2
1755,고분자,과정,2
1756,체질,한국인,2
1757,기자,미세,2
1758,기자,도사,2
1759,고분자,문혜원,2
1760,용량,최종,2
1761,기사,체내,2
1762,세포,한국인,2
1763,기자,도소,2
1764,수정,인공,1
1765,선물,지용성,1
1766,선물,증점,1
1767,수정,안전,1
1768,소비자,영해,1
1769,소비자,한국,1
1770,세포,입력,1
1771,수정,영해,1
1772,수정,안심,1
1773,수정,을사,1
1774,수정,영양학,1
1775,선물,제품,1
1776,선물,중복,1
1777,소비자,용량,1
1778,세포,한국,1
1779,세포,일반,1
1780,소비자,향료,1
1781,세포,용량,1
1782,세포,용해,1
1783,수정,제등,1
1784,수정,제공,1
1785,소비자,시설,1
1786,소비자,혜택,1
1787,수정,전하,1
1788,수정,저분자,1
1789,소비자,수정,1
1790,수정,자료,1
1791,소비자,소포,1
1792,선물,차이,1
1793,수정,입력,1
1794,소비자,형태,1
1795,수정,일반,1
1796,소비자,영양학,1
1797,세포,회지,1
1798,소비자,행사,1
1799,소비자,안심,1
1800,소비자,핵심,1
1801,세포,유통,1
1802,수정,인증,1
1803,세포,혜택,1
1804,세포,유해,1
1805,소비자,함유,1
1806,수정,유해,1
1807,세포,을사,1
1808,소비자,안전,1
1809,세포,인공,1
1810,세포,인증,1
1811,소비자,용해,1
1812,수정,유통,1
1813,수정,용량,1
1814,소비자,입력,1
1815,세포,영해,1
1816,세포,증점,1
1817,세포,지용성,1
1818,섭취,한국,1
1819,세포,핵심,1
1820,소비자,제등,1
1821,소비자,제공,1
1822,세포,함유,1
1823,섭취,프린트,1
1824,세포,차이,1
1825,소비자,전하,1
1826,소비자,저분자,1
1827,섭취,특징,1
1828,소비자,자료,1
1829,소비자,을사,1
1830,세포,중복,1
1831,소비자,일반,1
1832,세포,처리,1
1833,섭취,추석,1
1834,선물,전하,1
1835,선물,제공,1
1836,섭취,체질,1
1837,섭취,처리,1
1838,세포,체질,1
1839,섭취,차이,1
1840,소비자,인증,1
1841,소비자,인공,1
1842,섭취,지용성,1
1843,세포,추석,1
1844,세포,특징,1
1845,선물,제등,1
1846,선물,저분자,1
1847,소비자,프린트,1
1848,세포,제조,1
1849,세포,형태,1
1850,수정,용해,1
1851,소비자,특징,1
1852,세포,자료,1
1853,소비자,추석,1
1854,세포,향료,1
1855,세포,프린트,1
1856,세포,저분자,1
1857,소비자,체질,1
1858,세포,전하,1
1859,소비자,유통,1
1860,세포,제공,1
1861,섭취,회지,1
1862,세포,제등,1
1863,섭취,혜택,1
1864,소비자,제품,1
1865,세포,행사,1
1866,섭취,형태,1
1867,소비자,처리,1
1868,소비자,유해,1
1869,섭취,향료,1
1870,섭취,행사,1
1871,소비자,차이,1
1872,섭취,핵심,1
1873,세포,제품,1
1874,소비자,지용성,1
1875,선물,제조,1
1876,소비자,증점,1
1877,섭취,함유,1
1878,소비자,중복,1
1879,소비자,제조,1
1880,소포,인증,1
1881,세포,영양학,1
1882,선물,한국,1
1883,세계,핵심,1
1884,세계,행사,1
1885,세계,향료,1
1886,세계,형태,1
1887,세계,혜택,1
1888,소포,혜택,1
1889,선물,회지,1
1890,수정,시설,1
1891,소포,회지,1
1892,세계,회지,1
1893,세포,소비자,1
1894,세포,소포,1
1895,세포,수정,1
1896,세포,시설,1
1897,세계,함유,1
1898,소포,형태,1
1899,세계,한국,1
1900,세계,프린트,1
1901,소포,향료,1
1902,소포,행사,1
1903,세계,특징,1
1904,소포,핵심,1
1905,세계,추석,1
1906,세계,체질,1
1907,세계,처리,1
1908,세계,차이,1
1909,소포,함유,1
1910,세계,지용성,1
1911,세계,증점,1
1912,세계,중복,1
1913,세계,제품,1
1914,세포,식물,1
1915,수정,식물,1
1916,소비자,회지,1
1917,섭취,영해,1
1918,섭취,입력,1
1919,섭취,일반,1
1920,섭취,인증,1
1921,섭취,안심,1
1922,섭취,안전,1
1923,섭취,영양학,1
1924,섭취,용량,1
1925,선물,혜택,1
1926,섭취,용해,1
1927,수정,제품,1
1928,섭취,유통,1
1929,섭취,유해,1
1930,섭취,을사,1
1931,섭취,인공,1
1932,선물,향료,1
1933,섭취,자료,1
1934,섭취,저분자,1
1935,선물,형태,1
1936,섭취,전하,1
1937,섭취,제공,1
1938,섭취,제등,1
1939,선물,행사,1
1940,선물,핵심,1
1941,섭취,제조,1
1942,섭취,제품,1
1943,섭취,중복,1
1944,섭취,증점,1
1945,선물,함유,1
1946,세포,안전,1
1947,세포,안심,1
1948,소비자,식물,1
1949,선물,프린트,1
1950,세계,제조,1
1951,세계,제등,1
1952,소포,입력,1
1953,섭취,세포,1
1954,소포,유해,1
1955,소포,을사,1
1956,소포,인공,1
1957,섭취,세계,1
1958,소포,일반,1
1959,소포,자료,1
1960,소포,한국,1
1961,소포,저분자,1
1962,선물,추석,1
1963,소포,전하,1
1964,소포,제공,1
1965,소포,제등,1
1966,소포,제조,1
1967,섭취,소비자,1
1968,선물,체질,1
1969,소포,유통,1
1970,섭취,소포,1
1971,섭취,수정,1
1972,소포,용해,1
1973,소포,용량,1
1974,소포,영해,1
1975,소포,영양학,1
1976,소포,안전,1
1977,소포,안심,1
1978,섭취,시설,1
1979,섭취,식물,1
1980,소포,식물,1
1981,소포,시설,1
1982,소포,수정,1
1983,선물,처리,1
1984,선물,특징,1
1985,소포,제품,1
1986,소포,중복,1
1987,소포,특징,1
1988,세계,제공,1
1989,세계,전하,1
1990,세계,저분자,1
1991,세계,자료,1
1992,세계,입력,1
1993,세계,일반,1
1994,세계,인증,1
1995,세계,인공,1
1996,세계,을사,1
1997,세계,유해,1
1998,세계,유통,1
1999,소포,프린트,1
2000,세계,용해,1
2001,세계,용량,1
2002,소포,추석,1
2003,소포,증점,1
2004,세계,영해,1
2005,세계,영양학,1
2006,세계,안전,1
2007,세계,안심,1
2008,소포,체질,1
2009,세계,식물,1
2010,세계,시설,1
2011,세계,수정,1
2012,세계,소포,1
2013,세계,소비자,1
2014,세계,세포,1
2015,소포,처리,1
2016,소포,차이,1
2017,소포,지용성,1
2018,수정,제조,1
2019,영해,특징,1
2020,수정,중복,1
2021,저분자,중복,1
2022,자료,향료,1
2023,자료,형태,1
2024,자료,혜택,1
2025,자료,회지,1
2026,저분자,전하,1
2027,저분자,제공,1
2028,저분자,제등,1
2029,저분자,제조,1
2030,저분자,제품,1
2031,저분자,증점,1
2032,자료,핵심,1
2033,저분자,지용성,1
2034,저분자,차이,1
2035,저분자,처리,1
2036,저분자,체질,1
2037,저분자,추석,1
2038,저분자,특징,1
2039,저분자,프린트,1
2040,저분자,한국,1
2041,저분자,함유,1
2042,자료,행사,1
2043,자료,함유,1
2044,입력,함유,1
2045,자료,제조,1
2046,입력,행사,1
2047,입력,향료,1
2048,입력,형태,1
2049,입력,혜택,1
2050,입력,회지,1
2051,자료,저분자,1
2052,자료,전하,1
2053,자료,제공,1
2054,자료,제등,1
2055,자료,제품,1
2056,자료,한국,1
2057,자료,중복,1
2058,자료,증점,1
2059,자료,지용성,1
2060,자료,차이,1
2061,자료,처리,1
2062,자료,체질,1
2063,자료,추석,1
2064,자료,특징,1
2065,자료,프린트,1
2066,저분자,핵심,1
2067,저분자,행사,1
2068,저분자,향료,1
2069,제공,추석,1
2070,제공,제등,1
2071,제공,제조,1
2072,제공,제품,1
2073,제공,중복,1
2074,제공,증점,1
2075,제공,지용성,1
2076,제공,차이,1
2077,제공,처리,1
2078,제공,체질,1
2079,제공,특징,1
2080,저분자,형태,1
2081,제공,프린트,1
2082,제공,한국,1
2083,제공,함유,1
2084,제공,핵심,1
2085,제공,행사,1
2086,제공,향료,1
2087,제공,형태,1
2088,제공,혜택,1
2089,제공,회지,1
2090,전하,회지,1
2091,전하,혜택,1
2092,전하,형태,1
2093,전하,향료,1
2094,저분자,혜택,1
2095,저분자,회지,1
2096,전하,제공,1
2097,전하,제등,1
2098,전하,제조,1
2099,전하,제품,1
2100,전하,중복,1
2101,전하,증점,1
2102,전하,지용성,1
2103,전하,차이,1
2104,전하,처리,1
2105,전하,체질,1
2106,전하,추석,1
2107,전하,특징,1
2108,전하,프린트,1
2109,전하,한국,1
2110,전하,함유,1
2111,전하,핵심,1
2112,전하,행사,1
2113,입력,핵심,1
2114,입력,한국,1
2115,제등,제품,1
2116,인증,제품,1
2117,인공,회지,1
2118,인증,일반,1
2119,인증,입력,1
2120,인증,자료,1
2121,인증,저분자,1
2122,인증,전하,1
2123,인증,제공,1
2124,인증,제등,1
2125,인증,제조,1
2126,인증,중복,1
2127,인공,형태,1
2128,인증,증점,1
2129,인증,지용성,1
2130,인증,차이,1
2131,인증,처리,1
2132,인증,체질,1
2133,인증,추석,1
2134,인증,특징,1
2135,인증,프린트,1
2136,인증,한국,1
2137,인공,혜택,1
2138,인공,향료,1
2139,입력,프린트,1
2140,인공,증점,1
2141,인공,입력,1
2142,인공,자료,1
2143,인공,저분자,1
2144,인공,전하,1
2145,인공,제공,1
2146,인공,제등,1
2147,인공,제조,1
2148,인공,제품,1
2149,인공,중복,1
2150,인공,지용성,1
2151,인공,행사,1
2152,인공,차이,1
2153,인공,처리,1
2154,인공,체질,1
2155,인공,추석,1
2156,인공,특징,1
2157,인공,프린트,1
2158,인공,한국,1
2159,인공,함유,1
2160,인공,핵심,1
2161,인증,함유,1
2162,인증,핵심,1
2163,인증,행사,1
2164,입력,제등,1
2165,일반,행사,1
2166,일반,향료,1
2167,일반,형태,1
2168,일반,혜택,1
2169,일반,회지,1
2170,입력,자료,1
2171,입력,저분자,1
2172,입력,전하,1
2173,입력,제공,1
2174,입력,제조,1
2175,인증,향료,1
2176,입력,제품,1
2177,입력,중복,1
2178,입력,증점,1
2179,입력,지용성,1
2180,입력,차이,1
2181,입력,처리,1
2182,입력,체질,1
2183,입력,추석,1
2184,입력,특징,1
2185,일반,핵심,1
2186,일반,함유,1
2187,일반,한국,1
2188,일반,프린트,1
2189,인증,형태,1
2190,인증,혜택,1
2191,인증,회지,1
2192,일반,입력,1
2193,일반,자료,1
2194,일반,저분자,1
2195,일반,전하,1
2196,일반,제공,1
2197,일반,제등,1
2198,일반,제조,1
2199,일반,제품,1
2200,일반,중복,1
2201,일반,증점,1
2202,일반,지용성,1
2203,일반,차이,1
2204,일반,처리,1
2205,일반,체질,1
2206,일반,추석,1
2207,일반,특징,1
2208,제등,제조,1
2209,제등,중복,1
2210,인공,인증,1
2211,체질,형태,1
2212,처리,회지,1
2213,체질,추석,1
2214,체질,특징,1
2215,체질,프린트,1
2216,체질,한국,1
2217,체질,함유,1
2218,체질,핵심,1
2219,체질,행사,1
2220,체질,향료,1
2221,체질,혜택,1
2222,처리,형태,1
2223,체질,회지,1
2224,추석,특징,1
2225,추석,프린트,1
2226,추석,한국,1
2227,추석,함유,1
2228,추석,핵심,1
2229,추석,행사,1
2230,추석,향료,1
2231,추석,형태,1
2232,처리,혜택,1
2233,처리,향료,1
2234,지용성,혜택,1
2235,차이,향료,1
2236,차이,처리,1
2237,차이,체질,1
2238,차이,추석,1
2239,차이,특징,1
2240,차이,프린트,1
2241,차이,한국,1
2242,차이,함유,1
2243,차이,핵심,1
2244,차이,행사,1
2245,차이,형태,1
2246,처리,행사,1
2247,차이,혜택,1
2248,차이,회지,1
2249,처리,체질,1
2250,처리,추석,1
2251,처리,특징,1
2252,처리,프린트,1
2253,처리,한국,1
2254,처리,함유,1
2255,처리,핵심,1
2256,추석,혜택,1
2257,추석,회지,1
2258,특징,프린트,1
2259,핵심,회지,1
2260,함유,행사,1
2261,함유,향료,1
2262,함유,형태,1
2263,함유,혜택,1
2264,함유,회지,1
2265,핵심,행사,1
2266,핵심,향료,1
2267,핵심,형태,1
2268,핵심,혜택,1
2269,행사,향료,1
2270,특징,한국,1
2271,행사,형태,1
2272,행사,혜택,1
2273,행사,회지,1
2274,향료,형태,1
2275,향료,혜택,1
2276,향료,회지,1
2277,형태,혜택,1
2278,형태,회지,1
2279,혜택,회지,1
2280,함유,핵심,1
2281,한국,회지,1
2282,한국,혜택,1
2283,한국,형태,1
2284,특징,함유,1
2285,특징,핵심,1
2286,특징,행사,1
2287,특징,향료,1
2288,특징,형태,1
2289,특징,혜택,1
2290,특징,회지,1
2291,프린트,한국,1
2292,프린트,함유,1
2293,프린트,핵심,1
2294,프린트,행사,1
2295,프린트,향료,1
2296,프린트,형태,1
2297,프린트,혜택,1
2298,프린트,회지,1
2299,한국,함유,1
2300,한국,핵심,1
2301,한국,행사,1
2302,한국,향료,1
2303,지용성,회지,1
2304,지용성,형태,1
2305,제등,증점,1
2306,제품,중복,1
2307,제조,프린트,1
2308,제조,한국,1
2309,제조,함유,1
2310,제조,핵심,1
2311,제조,행사,1
2312,제조,향료,1
2313,제조,형태,1
2314,제조,혜택,1
2315,제조,회지,1
2316,제품,증점,1
2317,제조,추석,1
2318,제품,지용성,1
2319,제품,차이,1
2320,제품,처리,1
2321,제품,체질,1
2322,제품,추석,1
2323,제품,특징,1
2324,제품,프린트,1
2325,제품,한국,1
2326,제품,함유,1
2327,제조,특징,1
2328,제조,체질,1
2329,지용성,향료,1
2330,제등,핵심,1
2331,제등,지용성,1
2332,제등,차이,1
2333,제등,처리,1
2334,제등,체질,1
2335,제등,추석,1
2336,제등,특징,1
2337,제등,프린트,1
2338,제등,한국,1
2339,제등,함유,1
2340,제등,행사,1
2341,제조,처리,1
2342,제등,향료,1
2343,제등,형태,1
2344,제등,혜택,1
2345,제등,회지,1
2346,제조,제품,1
2347,제조,중복,1
2348,제조,증점,1
2349,제조,지용성,1
2350,제조,차이,1
2351,제품,핵심,1
2352,제품,행사,1
2353,제품,향료,1
2354,증점,회지,1
2355,증점,특징,1
2356,증점,프린트,1
2357,증점,한국,1
2358,증점,함유,1
2359,증점,핵심,1
2360,증점,행사,1
2361,증점,향료,1
2362,증점,형태,1
2363,증점,혜택,1
2364,지용성,차이,1
2365,제품,형태,1
2366,지용성,처리,1
2367,지용성,체질,1
2368,지용성,추석,1
2369,지용성,특징,1
2370,지용성,프린트,1
2371,지용성,한국,1
2372,지용성,함유,1
2373,지용성,핵심,1
2374,지용성,행사,1
2375,증점,추석,1
2376,증점,체질,1
2377,증점,처리,1
2378,증점,차이,1
2379,제품,혜택,1
2380,제품,회지,1
2381,중복,증점,1
2382,중복,지용성,1
2383,중복,차이,1
2384,중복,처리,1
2385,중복,체질,1
2386,중복,추석,1
2387,중복,특징,1
2388,중복,프린트,1
2389,중복,한국,1
2390,중복,함유,1
2391,중복,핵심,1
2392,중복,행사,1
2393,중복,향료,1
2394,중복,형태,1
2395,중복,혜택,1
2396,중복,회지,1
2397,증점,지용성,1
2398,인공,일반,1
2399,을사,회지,1
2400,수정,증점,1
2401,안전,용량,1
2402,안심,함유,1
2403,안심,핵심,1
2404,안심,행사,1
2405,안심,향료,1
2406,안심,형태,1
2407,안심,혜택,1
2408,안심,회지,1
2409,안전,영양학,1
2410,안전,영해,1
2411,안전,용해,1
2412,안심,프린트,1
2413,안전,유통,1
2414,안전,유해,1
2415,안전,을사,1
2416,안전,인공,1
2417,안전,인증,1
2418,안전,일반,1
2419,안전,입력,1
2420,안전,자료,1
2421,안전,저분자,1
2422,안심,한국,1
2423,안심,특징,1
2424,안심,용량,1
2425,안심,전하,1
2426,안심,유통,1
2427,안심,유해,1
2428,안심,을사,1
2429,안심,인공,1
2430,안심,인증,1
2431,안심,일반,1
2432,안심,입력,1
2433,안심,자료,1
2434,안심,저분자,1
2435,안심,제공,1
2436,안심,추석,1
2437,안심,제등,1
2438,안심,제조,1
2439,안심,제품,1
2440,안심,중복,1
2441,안심,증점,1
2442,안심,지용성,1
2443,안심,차이,1
2444,안심,처리,1
2445,안심,체질,1
2446,안전,전하,1
2447,안전,제공,1
2448,안전,제등,1
2449,영양학,제등,1
2450,영양학,을사,1
2451,영양학,인공,1
2452,영양학,인증,1
2453,영양학,일반,1
2454,영양학,입력,1
2455,영양학,자료,1
2456,영양학,저분자,1
2457,영양학,전하,1
2458,영양학,제공,1
2459,영양학,제조,1
2460,안전,제조,1
2461,영양학,제품,1
2462,영양학,중복,1
2463,영양학,증점,1
2464,영양학,지용성,1
2465,영양학,차이,1
2466,영양학,처리,1
2467,영양학,체질,1
2468,영양학,추석,1
2469,영양학,특징,1
2470,영양학,유해,1
2471,영양학,유통,1
2472,영양학,용해,1
2473,영양학,용량,1
2474,안전,제품,1
2475,안전,중복,1
2476,안전,증점,1
2477,안전,지용성,1
2478,안전,차이,1
2479,안전,처리,1
2480,안전,체질,1
2481,안전,추석,1
2482,안전,특징,1
2483,안전,프린트,1
2484,안전,한국,1
2485,안전,함유,1
2486,안전,핵심,1
2487,안전,행사,1
2488,안전,향료,1
2489,안전,형태,1
2490,안전,혜택,1
2491,안전,회지,1
2492,영양학,영해,1
2493,안심,용해,1
2494,안심,영해,1
2495,영양학,한국,1
2496,시설,제등,1
2497,시설,을사,1
2498,시설,인공,1
2499,시설,인증,1
2500,시설,일반,1
2501,시설,입력,1
2502,시설,자료,1
2503,시설,저분자,1
2504,시설,전하,1
2505,시설,제공,1
2506,시설,제조,1
2507,시설,유통,1
2508,시설,제품,1
2509,시설,중복,1
2510,시설,증점,1
2511,시설,지용성,1
2512,시설,차이,1
2513,시설,처리,1
2514,시설,체질,1
2515,시설,추석,1
2516,시설,특징,1
2517,시설,유해,1
2518,시설,용해,1
2519,안심,영양학,1
2520,수정,핵심,1
2521,수정,지용성,1
2522,수정,차이,1
2523,수정,처리,1
2524,수정,체질,1
2525,수정,추석,1
2526,수정,특징,1
2527,수정,프린트,1
2528,수정,한국,1
2529,수정,함유,1
2530,수정,행사,1
2531,시설,용량,1
2532,수정,향료,1
2533,수정,형태,1
2534,수정,혜택,1
2535,수정,회지,1
2536,시설,식물,1
2537,시설,안심,1
2538,시설,안전,1
2539,시설,영양학,1
2540,시설,영해,1
2541,시설,프린트,1
2542,시설,한국,1
2543,시설,함유,1
2544,식물,특징,1
2545,식물,제조,1
2546,식물,제품,1
2547,식물,중복,1
2548,식물,증점,1
2549,식물,지용성,1
2550,식물,차이,1
2551,식물,처리,1
2552,식물,체질,1
2553,식물,추석,1
2554,식물,프린트,1
2555,시설,핵심,1
2556,식물,한국,1
2557,식물,함유,1
2558,식물,핵심,1
2559,식물,행사,1
2560,식물,향료,1
2561,식물,형태,1
2562,식물,혜택,1
2563,식물,회지,1
2564,안심,안전,1
2565,식물,제등,1
2566,식물,제공,1
2567,식물,전하,1
2568,식물,저분자,1
2569,시설,행사,1
2570,시설,향료,1
2571,시설,형태,1
2572,시설,혜택,1
2573,시설,회지,1
2574,식물,안심,1
2575,식물,안전,1
2576,식물,영양학,1
2577,식물,영해,1
2578,식물,용량,1
2579,식물,용해,1
2580,식물,유통,1
2581,식물,유해,1
2582,식물,을사,1
2583,식물,인공,1
2584,식물,인증,1
2585,식물,일반,1
2586,식물,입력,1
2587,식물,자료,1
2588,영양학,프린트,1
2589,영양학,함유,1
2590,을사,혜택,1
2591,유통,형태,1
2592,유통,체질,1
2593,유통,추석,1
2594,유통,특징,1
2595,유통,프린트,1
2596,유통,한국,1
2597,유통,함유,1
2598,유통,핵심,1
2599,유통,행사,1
2600,유통,향료,1
2601,유통,혜택,1
2602,유통,차이,1
2603,유통,회지,1
2604,유해,을사,1
2605,유해,인공,1
2606,유해,인증,1
2607,유해,일반,1
2608,유해,입력,1
2609,유해,자료,1
2610,유해,저분자,1
2611,유해,전하,1
2612,유통,처리,1
2613,유통,지용성,1
2614,용해,한국,1
2615,유통,인증,1
2616,용해,핵심,1
2617,용해,행사,1
2618,용해,향료,1
2619,용해,형태,1
2620,용해,혜택,1
2621,용해,회지,1
2622,유통,유해,1
2623,유통,을사,1
2624,유통,인공,1
2625,유통,일반,1
2626,유통,증점,1
2627,유통,입력,1
2628,유통,자료,1
2629,유통,저분자,1
2630,유통,전하,1
2631,유통,제공,1
2632,유통,제등,1
2633,유통,제조,1
2634,유통,제품,1
2635,유통,중복,1
2636,유해,제공,1
2637,유해,제등,1
2638,유해,제조,1
2639,을사,처리,1
2640,을사,전하,1
2641,을사,제공,1
2642,을사,제등,1
2643,을사,제조,1
2644,을사,제품,1
2645,을사,중복,1
2646,을사,증점,1
2647,을사,지용성,1
2648,을사,차이,1
2649,을사,체질,1
2650,유해,제품,1
2651,을사,추석,1
2652,을사,특징,1
2653,을사,프린트,1
2654,을사,한국,1
2655,을사,함유,1
2656,을사,핵심,1
2657,을사,행사,1
2658,을사,향료,1
2659,을사,형태,1
2660,을사,저분자,1
2661,을사,자료,1
2662,을사,입력,1
2663,을사,일반,1
2664,유해,중복,1
2665,유해,증점,1
2666,유해,지용성,1
2667,유해,차이,1
2668,유해,처리,1
2669,유해,체질,1
2670,유해,추석,1
2671,유해,특징,1
2672,유해,프린트,1
2673,유해,한국,1
2674,유해,함유,1
2675,유해,핵심,1
2676,유해,행사,1
2677,유해,향료,1
2678,유해,형태,1
2679,유해,혜택,1
2680,유해,회지,1
2681,을사,인공,1
2682,을사,인증,1
2683,용해,함유,1
2684,용해,프린트,1
2685,영양학,핵심,1
2686,영해,행사,1
2687,영해,차이,1
2688,영해,처리,1
2689,영해,체질,1
2690,영해,추석,1
2691,선물,입력,1
2692,영해,프린트,1
2693,영해,한국,1
2694,영해,함유,1
2695,영해,핵심,1
2696,영해,향료,1
2697,영해,증점,1
2698,영해,형태,1
2699,영해,혜택,1
2700,영해,회지,1
2701,용량,용해,1
2702,용량,유통,1
2703,용량,유해,1
2704,용량,을사,1
2705,용량,인공,1
2706,용량,인증,1
2707,영해,지용성,1
2708,영해,중복,1
2709,용해,특징,1
2710,영해,을사,1
2711,영양학,행사,1
2712,영양학,향료,1
2713,영양학,형태,1
2714,영양학,혜택,1
2715,영양학,회지,1
2716,영해,용량,1
2717,영해,용해,1
2718,영해,유통,1
2719,영해,유해,1
2720,영해,인공,1
2721,영해,제품,1
2722,영해,인증,1
2723,영해,일반,1
2724,영해,입력,1
2725,영해,자료,1
2726,영해,저분자,1
2727,영해,전하,1
2728,영해,제공,1
2729,영해,제등,1
2730,영해,제조,1
2731,용량,일반,1
2732,용량,입력,1
2733,용량,자료,1
2734,용해,제공,1
2735,용해,유해,1
2736,용해,을사,1
2737,용해,인공,1
2738,용해,인증,1
2739,용해,일반,1
2740,용해,입력,1
2741,용해,자료,1
2742,용해,저분자,1
2743,용해,전하,1
2744,용해,제등,1
2745,용량,저분자,1
2746,용해,제조,1
2747,용해,제품,1
2748,용해,중복,1
2749,용해,증점,1
2750,용해,지용성,1
2751,용해,차이,1
2752,용해,처리,1
2753,용해,체질,1
2754,용해,추석,1
2755,용해,유통,1
2756,용량,회지,1
2757,용량,혜택,1
2758,용량,형태,1
2759,용량,전하,1
2760,용량,제공,1
2761,용량,제등,1
2762,용량,제조,1
2763,용량,제품,1
2764,용량,중복,1
2765,용량,증점,1
2766,용량,지용성,1
2767,용량,차이,1
2768,용량,처리,1
2769,용량,체질,1
2770,용량,추석,1
2771,용량,특징,1
2772,용량,프린트,1
2773,용량,한국,1
2774,용량,함유,1
2775,용량,핵심,1
2776,용량,행사,1
2777,용량,향료,1
2778,선물,자료,1
2779,감미료,경우,1
2780,선물,일반,1
2781,기바,세계,1
2782,기간,형태,1
2783,기간,혜택,1
2784,기간,회지,1
2785,기바,기사,1
2786,기바,기한,1
2787,기바,나머지,1
2788,기바,다음,1
2789,기바,도사,1
2790,기바,도소,1
2791,기바,무단,1
2792,기바,미생물,1
2793,기바,미세,1
2794,기바,바로,1
2795,기바,발효,1
2796,기바,배포,1
2797,기바,보존료,1
2798,기바,분말,1
2799,기바,분쇄,1
2800,기바,사용,1
2801,기바,사이드,1
2802,기바,사진,1
2803,기바,생산,1
2804,기바,선물,1
2805,기간,향료,1
2806,기간,행사,1
2807,기간,핵심,1
2808,기간,제조,1
2809,기간,을사,1
2810,기간,인공,1
2811,기간,인증,1
2812,기간,일반,1
2813,기간,입력,1
2814,기간,자료,1
2815,기간,저분자,1
2816,기간,전하,1
2817,기간,제공,1
2818,기간,제등,1
2819,기간,제품,1
2820,기간,함유,1
2821,기간,중복,1
2822,기간,증점,1
2823,기간,지용성,1
2824,기간,차이,1
2825,기간,처리,1
2826,기간,체질,1
2827,기간,추석,1
2828,기간,특징,1
2829,기간,프린트,1
2830,기간,한국,1
2831,기바,섭취,1
2832,기바,세포,1
2833,기사,발효,1
2834,기바,소비자,1
2835,기바,지용성,1
2836,기바,차이,1
2837,기바,처리,1
2838,기바,체질,1
2839,기바,추석,1
2840,기바,특징,1
2841,기바,프린트,1
2842,기바,한국,1
2843,기바,함유,1
2844,기바,핵심,1
2845,기바,행사,1
2846,기바,향료,1
2847,기바,형태,1
2848,기바,혜택,1
2849,기바,회지,1
2850,기사,기한,1
2851,기사,나머지,1
2852,기사,다음,1
2853,기사,도사,1
2854,기사,도소,1
2855,기사,무단,1
2856,기사,미생물,1
2857,기사,미세,1
2858,기바,증점,1
2859,기바,중복,1
2860,기바,제품,1
2861,기바,유통,1
2862,기바,소포,1
2863,기바,수정,1
2864,기바,시설,1
2865,기바,식물,1
2866,기바,안심,1
2867,기바,안전,1
2868,기바,영양학,1
2869,기바,영해,1
2870,기바,용량,1
2871,기바,용해,1
2872,기바,유해,1
2873,기바,제조,1
2874,기바,을사,1
2875,기바,인공,1
2876,기바,인증,1
2877,기바,일반,1
2878,기바,입력,1
2879,기바,자료,1
2880,기바,저분자,1
2881,기바,전하,1
2882,기바,제공,1
2883,기바,제등,1
2884,기간,유해,1
2885,기간,유통,1
2886,기간,용해,1
2887,기간,용량,1
2888,금지,소비자,1
2889,금지,소포,1
2890,금지,수정,1
2891,금지,시설,1
2892,금지,식물,1
2893,금지,안심,1
2894,금지,안전,1
2895,금지,영양학,1
2896,금지,영해,1
2897,금지,용량,1
2898,금지,용해,1
2899,금지,유통,1
2900,금지,유해,1
2901,금지,을사,1
2902,금지,인공,1
2903,금지,인증,1
2904,금지,일반,1
2905,금지,입력,1
2906,금지,자료,1
2907,금지,저분자,1
2908,금지,전하,1
2909,금지,제공,1
2910,금지,제등,1
2911,금지,세포,1
2912,금지,세계,1
2913,금지,섭취,1
2914,금지,미생물,1
2915,관심,회지,1
2916,금지,기간,1
2917,금지,기바,1
2918,금지,기사,1
2919,금지,기한,1
2920,금지,나머지,1
2921,금지,다음,1
2922,금지,도사,1
2923,금지,도소,1
2924,금지,무단,1
2925,금지,미세,1
2926,금지,선물,1
2927,금지,바로,1
2928,금지,발효,1
2929,금지,배포,1
2930,금지,보존료,1
2931,금지,분말,1
2932,금지,분쇄,1
2933,금지,사용,1
2934,금지,사이드,1
2935,금지,사진,1
2936,금지,생산,1
2937,금지,제조,1
2938,금지,제품,1
2939,금지,중복,1
2940,기간,섭취,1
2941,기간,발효,1
2942,기간,배포,1
2943,기간,보존료,1
2944,기간,분말,1
2945,기간,분쇄,1
2946,기간,사용,1
2947,기간,사이드,1
2948,기간,사진,1
2949,기간,생산,1
2950,기간,선물,1
2951,기간,세계,1
2952,기간,미세,1
2953,기간,세포,1
2954,기간,소비자,1
2955,기간,소포,1
2956,기간,수정,1
2957,기간,시설,1
2958,기간,식물,1
2959,기간,안심,1
2960,기간,안전,1
2961,기간,영양학,1
2962,기간,영해,1
2963,기간,바로,1
2964,기간,미생물,1
2965,금지,증점,1
2966,금지,행사,1
2967,금지,지용성,1
2968,금지,차이,1
2969,금지,처리,1
2970,금지,체질,1
2971,금지,추석,1
2972,금지,특징,1
2973,금지,프린트,1
2974,금지,한국,1
2975,금지,함유,1
2976,금지,핵심,1
2977,금지,향료,1
2978,기간,무단,1
2979,금지,형태,1
2980,금지,혜택,1
2981,금지,회지,1
2982,기간,기바,1
2983,기간,기사,1
2984,기간,기한,1
2985,기간,나머지,1
2986,기간,다음,1
2987,기간,도사,1
2988,기간,도소,1
2989,기사,바로,1
2990,기사,배포,1
2991,다음,유해,1
2992,나머지,전하,1
2993,나머지,선물,1
2994,나머지,섭취,1
2995,나머지,세계,1
2996,나머지,세포,1
2997,나머지,소비자,1
2998,나머지,소포,1
2999,나머지,수정,1
3000,나머지,시설,1
3001,나머지,식물,1
3002,나머지,안심,1
3003,나머지,안전,1
3004,나머지,영양학,1
3005,나머지,영해,1
3006,나머지,용량,1
3007,나머지,용해,1
3008,나머지,유통,1
3009,나머지,유해,1
3010,나머지,을사,1
3011,나머지,인공,1
3012,나머지,인증,1
3013,나머지,일반,1
3014,나머지,입력,1
3015,나머지,자료,1
3016,나머지,생산,1
3017,나머지,사진,1
3018,나머지,사이드,1
3019,나머지,다음,1
3020,기한,특징,1
3021,기한,프린트,1
3022,기한,한국,1
3023,기한,함유,1
3024,기한,핵심,1
3025,기한,행사,1
3026,기한,향료,1
3027,기한,형태,1
3028,기한,혜택,1
3029,기한,회지,1
3030,나머지,도사,1
3031,나머지,사용,1
3032,나머지,도소,1
3033,나머지,무단,1
3034,나머지,미생물,1
3035,나머지,미세,1
3036,나머지,바로,1
3037,나머지,발효,1
3038,나머지,배포,1
3039,나머지,보존료,1
3040,나머지,분말,1
3041,나머지,분쇄,1
3042,나머지,저분자,1
3043,나머지,제공,1
3044,기사,보존료,1
3045,나머지,제등,1
3046,다음,배포,1
3047,다음,보존료,1
3048,다음,분말,1
3049,다음,분쇄,1
3050,다음,사용,1
3051,다음,사이드,1
3052,다음,사진,1
3053,다음,생산,1
3054,다음,선물,1
3055,다음,섭취,1
3056,다음,세계,1
3057,다음,세포,1
3058,다음,소비자,1
3059,다음,소포,1
3060,다음,수정,1
3061,다음,시설,1
3062,다음,식물,1
3063,다음,안심,1
3064,다음,안전,1
3065,다음,영양학,1
3066,다음,영해,1
3067,다음,용량,1
3068,다음,용해,1
3069,다음,발효,1
3070,다음,바로,1
3071,다음,미세,1
3072,나머지,프린트,1
3073,나머지,제조,1
3074,나머지,제품,1
3075,나머지,중복,1
3076,나머지,증점,1
3077,나머지,지용성,1
3078,나머지,차이,1
3079,나머지,처리,1
3080,나머지,체질,1
3081,나머지,추석,1
3082,나머지,특징,1
3083,나머지,한국,1
3084,다음,미생물,1
3085,나머지,함유,1
3086,나머지,핵심,1
3087,나머지,행사,1
3088,나머지,향료,1
3089,나머지,형태,1
3090,나머지,혜택,1
3091,나머지,회지,1
3092,다음,도사,1
3093,다음,도소,1
3094,다음,무단,1
3095,기한,추석,1
3096,기한,체질,1
3097,기한,처리,1
3098,기한,차이,1
3099,기사,일반,1
3100,기사,입력,1
3101,기사,자료,1
3102,기사,저분자,1
3103,기사,전하,1
3104,기사,제공,1
3105,기사,제등,1
3106,기사,제조,1
3107,기사,제품,1
3108,기사,중복,1
3109,기사,증점,1
3110,기사,지용성,1
3111,기사,차이,1
3112,기사,처리,1
3113,기사,체질,1
3114,기사,추석,1
3115,기사,특징,1
3116,기사,프린트,1
3117,기사,한국,1
3118,기사,함유,1
3119,기사,핵심,1
3120,기사,행사,1
3121,기사,향료,1
3122,기사,인증,1
3123,기사,인공,1
3124,기사,을사,1
3125,기사,소비자,1
3126,기사,분말,1
3127,기사,분쇄,1
3128,기사,사용,1
3129,기사,사이드,1
3130,기사,사진,1
3131,기사,생산,1
3132,기사,선물,1
3133,기사,섭취,1
3134,기사,세계,1
3135,기사,세포,1
3136,기사,소포,1
3137,기사,유해,1
3138,기사,수정,1
3139,기사,시설,1
3140,기사,식물,1
3141,기사,안심,1
3142,기사,안전,1
3143,기사,영양학,1
3144,기사,영해,1
3145,기사,용량,1
3146,기사,용해,1
3147,기사,유통,1
3148,기사,형태,1
3149,기사,혜택,1
3150,기사,회지,1
3151,기한,일반,1
3152,기한,안전,1
3153,기한,영양학,1
3154,기한,영해,1
3155,기한,용량,1
3156,기한,용해,1
3157,기한,유통,1
3158,기한,유해,1
3159,기한,을사,1
3160,기한,인공,1
3161,기한,인증,1
3162,기한,입력,1
3163,기한,식물,1
3164,기한,자료,1
3165,기한,저분자,1
3166,기한,전하,1
3167,기한,제공,1
3168,기한,제등,1
3169,기한,제조,1
3170,기한,제품,1
3171,기한,중복,1
3172,기한,증점,1
3173,기한,지용성,1
3174,기한,안심,1
3175,기한,시설,1
3176,기한,나머지,1
3177,기한,분말,1
3178,기한,다음,1
3179,기한,도사,1
3180,기한,도소,1
3181,기한,무단,1
3182,기한,미생물,1
3183,기한,미세,1
3184,기한,바로,1
3185,기한,발효,1
3186,기한,배포,1
3187,기한,보존료,1
3188,기한,분쇄,1
3189,기한,수정,1
3190,기한,사용,1
3191,기한,사이드,1
3192,기한,사진,1
3193,기한,생산,1
3194,기한,선물,1
3195,기한,섭취,1
3196,기한,세계,1
3197,기한,세포,1
3198,기한,소비자,1
3199,기한,소포,1
3200,관심,혜택,1
3201,관심,형태,1
3202,관심,향료,1
3203,고분자,도소,1
3204,경우,처리,1
3205,경우,체질,1
3206,경우,추석,1
3207,경우,특징,1
3208,경우,프린트,1
3209,경우,한국,1
3210,경우,함유,1
3211,경우,핵심,1
3212,경우,행사,1
3213,경우,향료,1
3214,경우,형태,1
3215,경우,혜택,1
3216,경우,회지,1
3217,고분자,공법,1
3218,고분자,관리,1
3219,고분자,관심,1
3220,고분자,금지,1
3221,고분자,기간,1
3222,고분자,기바,1
3223,고분자,기사,1
3224,고분자,기한,1
3225,고분자,나머지,1
3226,고분자,다음,1
3227,경우,차이,1
3228,경우,지용성,1
3229,경우,증점,1
3230,경우,을사,1
3231,경우,시설,1
3232,경우,식물,1
3233,경우,안심,1
3234,경우,안전,1
3235,경우,영양학,1
3236,경우,영해,1
3237,경우,용량,1
3238,경우,용해,1
3239,경우,유통,1
3240,경우,유해,1
3241,경우,인공,1
3242,경우,중복,1
3243,경우,인증,1
3244,경우,일반,1
3245,경우,입력,1
3246,경우,자료,1
3247,경우,저분자,1
3248,경우,전하,1
3249,경우,제공,1
3250,경우,제등,1
3251,경우,제조,1
3252,경우,제품,1
3253,고분자,도사,1
3254,고분자,무단,1
3255,관심,행사,1
3256,고분자,미생물,1
3257,고분자,유통,1
3258,고분자,유해,1
3259,고분자,을사,1
3260,고분자,인공,1
3261,고분자,인증,1
3262,고분자,일반,1
3263,고분자,입력,1
3264,고분자,자료,1
3265,고분자,저분자,1
3266,고분자,전하,1
3267,고분자,제공,1
3268,고분자,제등,1
3269,고분자,제조,1
3270,고분자,제품,1
3271,고분자,중복,1
3272,고분자,증점,1
3273,고분자,지용성,1
3274,고분자,차이,1
3275,고분자,처리,1
3276,고분자,체질,1
3277,고분자,추석,1
3278,고분자,특징,1
3279,고분자,프린트,1
3280,고분자,용해,1
3281,고분자,용량,1
3282,고분자,영해,1
3283,고분자,생산,1
3284,고분자,미세,1
3285,고분자,바로,1
3286,고분자,발효,1
3287,고분자,배포,1
3288,고분자,보존료,1
3289,고분자,분말,1
3290,고분자,분쇄,1
3291,고분자,사용,1
3292,고분자,사이드,1
3293,고분자,사진,1
3294,고분자,선물,1
3295,고분자,영양학,1
3296,고분자,섭취,1
3297,고분자,세계,1
3298,고분자,세포,1
3299,고분자,소비자,1
3300,고분자,소포,1
3301,고분자,수정,1
3302,고분자,시설,1
3303,고분자,식물,1
3304,고분자,안심,1
3305,고분자,안전,1
3306,경우,수정,1
3307,경우,소포,1
3308,경우,소비자,1
3309,경우,세포,1
3310,감미료,선물,1
3311,감미료,섭취,1
3312,감미료,세계,1
3313,감미료,세포,1
3314,감미료,소비자,1
3315,감미료,소포,1
3316,감미료,수정,1
3317,감미료,시설,1
3318,감미료,식물,1
3319,감미료,안심,1
3320,감미료,안전,1
3321,감미료,영양학,1
3322,감미료,영해,1
3323,감미료,용량,1
3324,감미료,용해,1
3325,감미료,유통,1
3326,감미료,유해,1
3327,감미료,을사,1
3328,감미료,인공,1
3329,감미료,인증,1
3330,감미료,일반,1
3331,감미료,입력,1
3332,감미료,자료,1
3333,감미료,생산,1
3334,감미료,사진,1
3335,감미료,사이드,1
3336,감미료,다음,1
3337,감미료,고분자,1
3338,감미료,공법,1
3339,감미료,관리,1
3340,감미료,관심,1
3341,감미료,금지,1
3342,감미료,기간,1
3343,감미료,기바,1
3344,감미료,기사,1
3345,감미료,기한,1
3346,감미료,나머지,1
3347,감미료,도사,1
3348,감미료,사용,1
3349,감미료,도소,1
3350,감미료,무단,1
3351,감미료,미생물,1
3352,감미료,미세,1
3353,감미료,바로,1
3354,감미료,발효,1
3355,감미료,배포,1
3356,감미료,보존료,1
3357,감미료,분말,1
3358,감미료,분쇄,1
3359,감미료,저분자,1
3360,감미료,전하,1
3361,감미료,제공,1
3362,경우,발효,1
3363,경우,기사,1
3364,경우,기한,1
3365,경우,나머지,1
3366,경우,다음,1
3367,경우,도사,1
3368,경우,도소,1
3369,경우,무단,1
3370,경우,미생물,1
3371,경우,미세,1
3372,경우,바로,1
3373,경우,배포,1
3374,경우,기간,1
3375,경우,보존료,1
3376,경우,분말,1
3377,경우,분쇄,1
3378,경우,사용,1
3379,경우,사이드,1
3380,경우,사진,1
3381,경우,생산,1
3382,경우,선물,1
3383,경우,섭취,1
3384,경우,세계,1
3385,경우,기바,1
3386,경우,금지,1
3387,감미료,제등,1
3388,감미료,프린트,1
3389,감미료,제조,1
3390,감미료,제품,1
3391,감미료,중복,1
3392,감미료,증점,1
3393,감미료,지용성,1
3394,감미료,차이,1
3395,감미료,처리,1
3396,감미료,체질,1
3397,감미료,추석,1
3398,감미료,특징,1
3399,감미료,한국,1
3400,경우,관심,1
3401,감미료,함유,1
3402,감미료,핵심,1
3403,감미료,행사,1
3404,감미료,향료,1
3405,감미료,형태,1
3406,감미료,혜택,1
3407,감미료,회지,1
3408,경우,고분자,1
3409,경우,공법,1
3410,경우,관리,1
3411,고분자,한국,1
3412,고분자,함유,1
3413,고분자,핵심,1
3414,관리,수정,1
3415,관리,체질,1
3416,관리,추석,1
3417,관리,특징,1
3418,관리,프린트,1
3419,관리,한국,1
3420,관리,함유,1
3421,관리,핵심,1
3422,관리,행사,1
3423,관리,향료,1
3424,관리,형태,1
3425,관리,혜택,1
3426,관리,회지,1
3427,관심,금지,1
3428,관심,기간,1
3429,관심,기바,1
3430,관심,기사,1
3431,관심,기한,1
3432,관심,나머지,1
3433,관심,다음,1
3434,관심,도사,1
3435,관심,도소,1
3436,관심,무단,1
3437,관심,미생물,1
3438,관리,처리,1
3439,관리,차이,1
3440,관리,지용성,1
3441,관리,인공,1
3442,관리,식물,1
3443,관리,안심,1
3444,관리,안전,1
3445,관리,영양학,1
3446,관리,영해,1
3447,관리,용량,1
3448,관리,용해,1
3449,관리,유통,1
3450,관리,유해,1
3451,관리,을사,1
3452,관리,인증,1
3453,관리,증점,1
3454,관리,일반,1
3455,관리,입력,1
3456,관리,자료,1
3457,관리,저분자,1
3458,관리,전하,1
3459,관리,제공,1
3460,관리,제등,1
3461,관리,제조,1
3462,관리,제품,1
3463,관리,중복,1
3464,관심,미세,1
3465,관심,바로,1
3466,관심,발효,1
3467,관심,중복,1
3468,관심,인증,1
3469,관심,일반,1
3470,관심,입력,1
3471,관심,자료,1
3472,관심,저분자,1
3473,관심,전하,1
3474,관심,제공,1
3475,관심,제등,1
3476,관심,제조,1
3477,관심,제품,1
3478,관심,증점,1
3479,관심,을사,1
3480,관심,지용성,1
3481,관심,차이,1
3482,관심,처리,1
3483,관심,체질,1
3484,관심,추석,1
3485,관심,특징,1
3486,관심,프린트,1
3487,관심,한국,1
3488,관심,함유,1
3489,관심,핵심,1
3490,관심,인공,1
3491,관심,유해,1
3492,관심,배포,1
3493,관심,세포,1
3494,관심,보존료,1
3495,관심,분말,1
3496,관심,분쇄,1
3497,관심,사용,1
3498,관심,사이드,1
3499,관심,사진,1
3500,관심,생산,1
3501,관심,선물,1
3502,관심,섭취,1
3503,관심,세계,1
3504,관심,소비자,1
3505,관심,유통,1
3506,관심,소포,1
3507,관심,수정,1
3508,관심,시설,1
3509,관심,식물,1
3510,관심,안심,1
3511,관심,안전,1
3512,관심,영양학,1
3513,관심,영해,1
3514,관심,용량,1
3515,관심,용해,1
3516,관리,시설,1
3517,관리,소포,1
3518,고분자,행사,1
3519,관리,소비자,1
3520,공법,사진,1
3521,공법,생산,1
3522,공법,선물,1
3523,공법,섭취,1
3524,공법,세계,1
3525,공법,세포,1
3526,공법,소비자,1
3527,공법,소포,1
3528,공법,수정,1
3529,공법,시설,1
3530,공법,식물,1
3531,공법,안심,1
3532,공법,안전,1
3533,공법,영양학,1
3534,공법,영해,1
3535,공법,용량,1
3536,공법,용해,1
3537,공법,유통,1
3538,공법,유해,1
3539,공법,을사,1
3540,공법,인공,1
3541,공법,인증,1
3542,공법,일반,1
3543,공법,사이드,1
3544,공법,사용,1
3545,공법,분쇄,1
3546,공법,기한,1
3547,고분자,향료,1
3548,고분자,형태,1
3549,고분자,혜택,1
3550,고분자,회지,1
3551,공법,관리,1
3552,공법,관심,1
3553,공법,금지,1
3554,공법,기간,1
3555,공법,기바,1
3556,공법,기사,1
3557,공법,나머지,1
3558,공법,분말,1
3559,공법,다음,1
3560,공법,도사,1
3561,공법,도소,1
3562,공법,무단,1
3563,공법,미생물,1
3564,공법,미세,1
3565,공법,바로,1
3566,공법,발효,1
3567,공법,배포,1
3568,공법,보존료,1
3569,공법,입력,1
3570,공법,자료,1
3571,공법,저분자,1
3572,관리,배포,1
3573,관리,기한,1
3574,관리,나머지,1
3575,관리,다음,1
3576,관리,도사,1
3577,관리,도소,1
3578,관리,무단,1
3579,관리,미생물,1
3580,관리,미세,1
3581,관리,바로,1
3582,관리,발효,1
3583,관리,보존료,1
3584,관리,기바,1
3585,관리,분말,1
3586,관리,분쇄,1
3587,관리,사용,1
3588,관리,사이드,1
3589,관리,사진,1
3590,관리,생산,1
3591,관리,선물,1
3592,관리,섭취,1
3593,관리,세계,1
3594,관리,세포,1
3595,관리,기사,1
3596,관리,기간,1
3597,공법,전하,1
3598,공법,추석,1
3599,공법,제공,1
3600,공법,제등,1
3601,공법,제조,1
3602,공법,제품,1
3603,공법,중복,1
3604,공법,증점,1
3605,공법,지용성,1
3606,공법,차이,1
3607,공법,처리,1
3608,공법,체질,1
3609,공법,특징,1
3610,관리,금지,1
3611,공법,프린트,1
3612,공법,한국,1
3613,공법,함유,1
3614,공법,핵심,1
3615,공법,행사,1
3616,공법,향료,1
3617,공법,형태,1
3618,공법,혜택,1
3619,공법,회지,1
3620,관리,관심,1
3621,다음,유통,1
3622,다음,을사,1
3623,선물,인증,1
3624,분말,행사,1
3625,분말,유해,1
3626,분말,을사,1
3627,분말,인공,1
3628,분말,인증,1
3629,분말,일반,1
3630,분말,입력,1
3631,분말,자료,1
3632,분말,저분자,1
3633,분말,전하,1
3634,분말,제공,1
3635,분말,제등,1
3636,분말,제조,1
3637,분말,제품,1
3638,분말,중복,1
3639,분말,증점,1
3640,분말,지용성,1
3641,분말,처리,1
3642,분말,체질,1
3643,분말,추석,1
3644,분말,특징,1
3645,분말,프린트,1
3646,분말,한국,1
3647,분말,함유,1
3648,분말,유통,1
3649,분말,용해,1
3650,분말,용량,1
3651,분말,선물,1
3652,보존료,행사,1
3653,보존료,향료,1
3654,보존료,형태,1
3655,보존료,혜택,1
3656,보존료,회지,1
3657,분말,분쇄,1
3658,분말,사용,1
3659,분말,사이드,1
3660,분말,사진,1
3661,분말,생산,1
3662,분말,섭취,1
3663,분말,영해,1
3664,분말,세계,1
3665,분말,세포,1
3666,분말,소비자,1
3667,분말,소포,1
3668,분말,수정,1
3669,분말,시설,1
3670,분말,식물,1
3671,분말,안심,1
3672,분말,안전,1
3673,분말,영양학,1
3674,분말,핵심,1
3675,분말,향료,1
3676,분쇄,혜택,1
3677,분말,형태,1
3678,분쇄,일반,1
3679,분쇄,입력,1
3680,분쇄,자료,1
3681,분쇄,저분자,1
3682,분쇄,전하,1
3683,분쇄,제공,1
3684,분쇄,제등,1
3685,분쇄,제조,1
3686,분쇄,제품,1
3687,분쇄,중복,1
3688,분쇄,증점,1
3689,분쇄,지용성,1
3690,분쇄,차이,1
3691,분쇄,처리,1
3692,분쇄,체질,1
3693,분쇄,추석,1
3694,분쇄,특징,1
3695,분쇄,프린트,1
3696,분쇄,한국,1
3697,분쇄,함유,1
3698,분쇄,핵심,1
3699,분쇄,행사,1
3700,분쇄,향료,1
3701,분쇄,인증,1
3702,분쇄,인공,1
3703,분쇄,을사,1
3704,분쇄,소비자,1
3705,분말,혜택,1
3706,분말,회지,1
3707,분쇄,사용,1
3708,분쇄,사이드,1
3709,분쇄,사진,1
3710,분쇄,생산,1
3711,분쇄,선물,1
3712,분쇄,섭취,1
3713,분쇄,세계,1
3714,분쇄,세포,1
3715,분쇄,소포,1
3716,분쇄,유해,1
3717,분쇄,수정,1
3718,분쇄,시설,1
3719,분쇄,식물,1
3720,분쇄,안심,1
3721,분쇄,안전,1
3722,분쇄,영양학,1
3723,분쇄,영해,1
3724,분쇄,용량,1
3725,분쇄,용해,1
3726,분쇄,유통,1
3727,보존료,핵심,1
3728,보존료,함유,1
3729,보존료,한국,1
3730,보존료,프린트,1
3731,배포,용해,1
3732,배포,유통,1
3733,배포,유해,1
3734,배포,을사,1
3735,배포,인공,1
3736,배포,인증,1
3737,배포,일반,1
3738,배포,입력,1
3739,배포,자료,1
3740,배포,저분자,1
3741,배포,전하,1
3742,배포,제공,1
3743,배포,제등,1
3744,배포,제조,1
3745,배포,제품,1
3746,배포,중복,1
3747,배포,증점,1
3748,배포,지용성,1
3749,배포,차이,1
3750,배포,처리,1
3751,배포,체질,1
3752,배포,추석,1
3753,배포,특징,1
3754,배포,용량,1
3755,배포,영해,1
3756,배포,영양학,1
3757,배포,사진,1
3758,발효,행사,1
3759,발효,향료,1
3760,발효,형태,1
3761,발효,혜택,1
3762,발효,회지,1
3763,배포,보존료,1
3764,배포,분말,1
3765,배포,분쇄,1
3766,배포,사용,1
3767,배포,사이드,1
3768,배포,생산,1
3769,배포,안전,1
3770,배포,선물,1
3771,배포,섭취,1
3772,배포,세계,1
3773,배포,세포,1
3774,배포,소비자,1
3775,배포,소포,1
3776,배포,수정,1
3777,배포,시설,1
3778,배포,식물,1
3779,배포,안심,1
3780,배포,프린트,1
3781,배포,한국,1
3782,배포,함유,1
3783,보존료,제공,1
3784,보존료,유통,1
3785,보존료,유해,1
3786,보존료,을사,1
3787,보존료,인공,1
3788,보존료,인증,1
3789,보존료,일반,1
3790,보존료,입력,1
3791,보존료,자료,1
3792,보존료,저분자,1
3793,보존료,전하,1
3794,보존료,제등,1
3795,보존료,용량,1
3796,보존료,제조,1
3797,보존료,제품,1
3798,보존료,중복,1
3799,보존료,증점,1
3800,보존료,지용성,1
3801,보존료,차이,1
3802,보존료,처리,1
3803,보존료,체질,1
3804,보존료,추석,1
3805,보존료,특징,1
3806,보존료,용해,1
3807,보존료,영해,1
3808,배포,핵심,1
3809,보존료,생산,1
3810,배포,행사,1
3811,배포,향료,1
3812,배포,형태,1
3813,배포,혜택,1
3814,배포,회지,1
3815,보존료,분말,1
3816,보존료,분쇄,1
3817,보존료,사용,1
3818,보존료,사이드,1
3819,보존료,사진,1
3820,보존료,선물,1
3821,보존료,영양학,1
3822,보존료,섭취,1
3823,보존료,세계,1
3824,보존료,세포,1
3825,보존료,소비자,1
3826,보존료,소포,1
3827,보존료,수정,1
3828,보존료,시설,1
3829,보존료,식물,1
3830,보존료,안심,1
3831,보존료,안전,1
3832,분쇄,형태,1
3833,분쇄,회지,1
3834,다음,인공,1
3835,생산,영해,1
3836,사진,체질,1
3837,사진,추석,1
3838,사진,특징,1
3839,사진,프린트,1
3840,사진,한국,1
3841,사진,함유,1
3842,사진,핵심,1
3843,사진,행사,1
3844,사진,향료,1
3845,사진,형태,1
3846,사진,혜택,1
3847,사진,회지,1
3848,생산,선물,1
3849,생산,섭취,1
3850,생산,세계,1
3851,생산,세포,1
3852,생산,소비자,1
3853,생산,소포,1
3854,생산,수정,1
3855,생산,시설,1
3856,생산,식물,1
3857,생산,안심,1
3858,생산,안전,1
3859,사진,처리,1
3860,사진,차이,1
3861,사진,지용성,1
3862,사진,인공,1
3863,사진,식물,1
3864,사진,안심,1
3865,사진,안전,1
3866,사진,영양학,1
3867,사진,영해,1
3868,사진,용량,1
3869,사진,용해,1
3870,사진,유통,1
3871,사진,유해,1
3872,사진,을사,1
3873,사진,인증,1
3874,사진,증점,1
3875,사진,일반,1
3876,사진,입력,1
3877,사진,자료,1
3878,사진,저분자,1
3879,사진,전하,1
3880,사진,제공,1
3881,사진,제등,1
3882,사진,제조,1
3883,사진,제품,1
3884,사진,중복,1
3885,생산,영양학,1
3886,생산,용량,1
3887,사용,사이드,1
3888,생산,용해,1
3889,생산,행사,1
3890,생산,향료,1
3891,생산,형태,1
3892,생산,혜택,1
3893,생산,회지,1
3894,선물,섭취,1
3895,선물,세계,1
3896,선물,세포,1
3897,선물,소비자,1
3898,선물,소포,1
3899,선물,수정,1
3900,선물,시설,1
3901,선물,식물,1
3902,선물,안심,1
3903,선물,안전,1
3904,선물,영양학,1
3905,선물,영해,1
3906,선물,용량,1
3907,선물,용해,1
3908,선물,유통,1
3909,선물,유해,1
3910,선물,을사,1
3911,선물,인공,1
3912,생산,핵심,1
3913,생산,함유,1
3914,생산,한국,1
3915,생산,제공,1
3916,생산,유통,1
3917,생산,유해,1
3918,생산,을사,1
3919,생산,인공,1
3920,생산,인증,1
3921,생산,일반,1
3922,생산,입력,1
3923,생산,자료,1
3924,생산,저분자,1
3925,생산,전하,1
3926,생산,제등,1
3927,생산,프린트,1
3928,생산,제조,1
3929,생산,제품,1
3930,생산,중복,1
3931,생산,증점,1
3932,생산,지용성,1
3933,생산,차이,1
3934,생산,처리,1
3935,생산,체질,1
3936,생산,추석,1
3937,생산,특징,1
3938,사진,시설,1
3939,사진,수정,1
3940,사진,소포,1
3941,사진,소비자,1
3942,사용,전하,1
3943,사용,제공,1
3944,사용,제등,1
3945,사용,제조,1
3946,사용,제품,1
3947,사용,중복,1
3948,사용,증점,1
3949,사용,지용성,1
3950,사용,차이,1
3951,사용,처리,1
3952,사용,체질,1
3953,사용,추석,1
3954,사용,특징,1
3955,사용,프린트,1
3956,사용,한국,1
3957,사용,함유,1
3958,사용,핵심,1
3959,사용,행사,1
3960,사용,향료,1
3961,사용,형태,1
3962,사용,혜택,1
3963,사용,회지,1
3964,사이드,사진,1
3965,사용,저분자,1
3966,사용,자료,1
3967,사용,입력,1
3968,사용,식물,1
3969,사용,사진,1
3970,사용,생산,1
3971,사용,선물,1
3972,사용,섭취,1
3973,사용,세계,1
3974,사용,세포,1
3975,사용,소비자,1
3976,사용,소포,1
3977,사용,수정,1
3978,사용,시설,1
3979,사용,안심,1
3980,사용,일반,1
3981,사용,안전,1
3982,사용,영양학,1
3983,사용,영해,1
3984,사용,용량,1
3985,사용,용해,1
3986,사용,유통,1
3987,사용,유해,1
3988,사용,을사,1
3989,사용,인공,1
3990,사용,인증,1
3991,사이드,생산,1
3992,사이드,선물,1
3993,사이드,섭취,1
3994,사이드,함유,1
3995,사이드,중복,1
3996,사이드,증점,1
3997,사이드,지용성,1
3998,사이드,차이,1
3999,사이드,처리,1
4000,사이드,체질,1
4001,사이드,추석,1
4002,사이드,특징,1
4003,사이드,프린트,1
4004,사이드,한국,1
4005,사이드,핵심,1
4006,사이드,제조,1
4007,사이드,행사,1
4008,사이드,향료,1
4009,사이드,형태,1
4010,사이드,혜택,1
4011,사이드,회지,1
4012,사진,생산,1
4013,사진,선물,1
4014,사진,섭취,1
4015,사진,세계,1
4016,사진,세포,1
4017,사이드,제품,1
4018,사이드,제등,1
4019,사이드,세계,1
4020,사이드,용량,1
4021,사이드,세포,1
4022,사이드,소비자,1
4023,사이드,소포,1
4024,사이드,수정,1
4025,사이드,시설,1
4026,사이드,식물,1
4027,사이드,안심,1
4028,사이드,안전,1
4029,사이드,영양학,1
4030,사이드,영해,1
4031,사이드,용해,1
4032,사이드,제공,1
4033,사이드,유통,1
4034,사이드,유해,1
4035,사이드,을사,1
4036,사이드,인공,1
4037,사이드,인증,1
4038,사이드,일반,1
4039,사이드,입력,1
4040,사이드,자료,1
4041,사이드,저분자,1
4042,사이드,전하,1
4043,발효,핵심,1
4044,발효,함유,1
4045,발효,한국,1
4046,무단,사이드,1
4047,도소,지용성,1
4048,도소,차이,1
4049,도소,처리,1
4050,도소,체질,1
4051,도소,추석,1
4052,도소,특징,1
4053,도소,프린트,1
4054,도소,한국,1
4055,도소,함유,1
4056,도소,핵심,1
4057,도소,행사,1
4058,도소,향료,1
4059,도소,형태,1
4060,도소,혜택,1
4061,도소,회지,1
4062,무단,미생물,1
4063,무단,미세,1
4064,무단,바로,1
4065,무단,발효,1
4066,무단,배포,1
4067,무단,보존료,1
4068,무단,분말,1
4069,무단,분쇄,1
4070,도소,증점,1
4071,도소,중복,1
4072,도소,제품,1
4073,도소,유통,1
4074,도소,소포,1
4075,도소,수정,1
4076,도소,시설,1
4077,도소,식물,1
4078,도소,안심,1
4079,도소,안전,1
4080,도소,영양학,1
4081,도소,영해,1
4082,도소,용량,1
4083,도소,용해,1
4084,도소,유해,1
4085,도소,제조,1
4086,도소,을사,1
4087,도소,인공,1
4088,도소,인증,1
4089,도소,일반,1
4090,도소,입력,1
4091,도소,자료,1
4092,도소,저분자,1
4093,도소,전하,1
4094,도소,제공,1
4095,도소,제등,1
4096,무단,사용,1
4097,무단,사진,1
4098,발효,프린트,1
4099,무단,생산,1
4100,무단,제등,1
4101,무단,제조,1
4102,무단,제품,1
4103,무단,중복,1
4104,무단,증점,1
4105,무단,지용성,1
4106,무단,차이,1
4107,무단,처리,1
4108,무단,체질,1
4109,무단,추석,1
4110,무단,특징,1
4111,무단,프린트,1
4112,무단,한국,1
4113,무단,함유,1
4114,무단,핵심,1
4115,무단,행사,1
4116,무단,향료,1
4117,무단,형태,1
4118,무단,혜택,1
4119,무단,회지,1
4120,미생물,미세,1
4121,미생물,바로,1
4122,미생물,발효,1
4123,무단,제공,1
4124,무단,전하,1
4125,무단,저분자,1
4126,무단,안전,1
4127,무단,선물,1
4128,무단,섭취,1
4129,무단,세계,1
4130,무단,세포,1
4131,무단,소비자,1
4132,무단,소포,1
4133,무단,수정,1
4134,무단,시설,1
4135,무단,식물,1
4136,무단,안심,1
4137,무단,영양학,1
4138,무단,자료,1
4139,무단,영해,1
4140,무단,용량,1
4141,무단,용해,1
4142,무단,유통,1
4143,무단,유해,1
4144,무단,을사,1
4145,무단,인공,1
4146,무단,인증,1
4147,무단,일반,1
4148,무단,입력,1
4149,도소,소비자,1
4150,도소,세포,1
4151,도소,세계,1
4152,도소,섭취,1
4153,다음,회지,1
4154,도사,도소,1
4155,도사,무단,1
4156,도사,미생물,1
4157,도사,미세,1
4158,도사,바로,1
4159,도사,발효,1
4160,도사,배포,1
4161,도사,보존료,1
4162,도사,분말,1
4163,도사,분쇄,1
4164,도사,사용,1
4165,도사,사이드,1
4166,도사,사진,1
4167,도사,생산,1
4168,도사,선물,1
4169,도사,섭취,1
4170,도사,세계,1
4171,도사,세포,1
4172,도사,소비자,1
4173,도사,소포,1
4174,도사,수정,1
4175,도사,시설,1
4176,다음,혜택,1
4177,다음,형태,1
4178,다음,향료,1
4179,다음,중복,1
4180,다음,인증,1
4181,다음,일반,1
4182,다음,입력,1
4183,다음,자료,1
4184,다음,저분자,1
4185,다음,전하,1
4186,다음,제공,1
4187,다음,제등,1
4188,다음,제조,1
4189,다음,제품,1
4190,다음,증점,1
4191,다음,행사,1
4192,다음,지용성,1
4193,다음,차이,1
4194,다음,처리,1
4195,다음,체질,1
4196,다음,추석,1
4197,다음,특징,1
4198,다음,프린트,1
4199,다음,한국,1
4200,다음,함유,1
4201,다음,핵심,1
4202,도사,식물,1
4203,도사,안심,1
4204,도사,안전,1
4205,도소,미세,1
4206,도사,한국,1
4207,도사,함유,1
4208,도사,핵심,1
4209,도사,행사,1
4210,도사,향료,1
4211,도사,형태,1
4212,도사,혜택,1
4213,도사,회지,1
4214,도소,무단,1
4215,도소,미생물,1
4216,도소,바로,1
4217,도사,특징,1
4218,도소,발효,1
4219,도소,배포,1
4220,도소,보존료,1
4221,도소,분말,1
4222,도소,분쇄,1
4223,도소,사용,1
4224,도소,사이드,1
4225,도소,사진,1
4226,도소,생산,1
4227,도소,선물,1
4228,도사,프린트,1
4229,도사,추석,1
4230,도사,영양학,1
4231,도사,자료,1
4232,도사,영해,1
4233,도사,용량,1
4234,도사,용해,1
4235,도사,유통,1
4236,도사,유해,1
4237,도사,을사,1
4238,도사,인공,1
4239,도사,인증,1
4240,도사,일반,1
4241,도사,입력,1
4242,도사,저분자,1
4243,도사,체질,1
4244,도사,전하,1
4245,도사,제공,1
4246,도사,제등,1
4247,도사,제조,1
4248,도사,제품,1
4249,도사,중복,1
4250,도사,증점,1
4251,도사,지용성,1
4252,도사,차이,1
4253,도사,처리,1
4254,미생물,배포,1
4255,미생물,보존료,1
4256,미생물,분말,1
4257,미세,형태,1
4258,바로,유해,1
4259,바로,을사,1
4260,바로,인공,1
4261,바로,인증,1
4262,바로,일반,1
4263,바로,입력,1
4264,바로,자료,1
4265,바로,저분자,1
4266,바로,전하,1
4267,바로,제공,1
4268,바로,제등,1
4269,바로,제조,1
4270,바로,제품,1
4271,바로,중복,1
4272,바로,증점,1
4273,바로,지용성,1
4274,바로,차이,1
4275,바로,처리,1
4276,바로,체질,1
4277,바로,추석,1
4278,바로,특징,1
4279,바로,프린트,1
4280,바로,한국,1
4281,바로,유통,1
4282,바로,용해,1
4283,바로,용량,1
4284,바로,선물,1
4285,미세,회지,1
4286,바로,발효,1
4287,바로,배포,1
4288,바로,보존료,1
4289,바로,분말,1
4290,바로,분쇄,1
4291,바로,사용,1
4292,바로,사이드,1
4293,바로,사진,1
4294,바로,생산,1
4295,바로,섭취,1
4296,바로,영해,1
4297,바로,세계,1
4298,바로,세포,1
4299,바로,소비자,1
4300,바로,소포,1
4301,바로,수정,1
4302,바로,시설,1
4303,바로,식물,1
4304,바로,안심,1
4305,바로,안전,1
4306,바로,영양학,1
4307,바로,함유,1
4308,바로,핵심,1
4309,바로,행사,1
4310,발효,제공,1
4311,발효,유통,1
4312,발효,유해,1
4313,발효,을사,1
4314,발효,인공,1
4315,발효,인증,1
4316,발효,일반,1
4317,발효,입력,1
4318,발효,자료,1
4319,발효,저분자,1
4320,발효,전하,1
4321,발효,제등,1
4322,발효,용량,1
4323,발효,제조,1
4324,발효,제품,1
4325,발효,중복,1
4326,발효,증점,1
4327,발효,지용성,1
4328,발효,차이,1
4329,발효,처리,1
4330,발효,체질,1
4331,발효,추석,1
4332,발효,특징,1
4333,발효,용해,1
4334,발효,영해,1
4335,바로,향료,1
4336,발효,생산,1
4337,바로,형태,1
4338,바로,혜택,1
4339,바로,회지,1
4340,발효,배포,1
4341,발효,보존료,1
4342,발효,분말,1
4343,발효,분쇄,1
4344,발효,사용,1
4345,발효,사이드,1
4346,발효,사진,1
4347,발효,선물,1
4348,발효,영양학,1
4349,발효,섭취,1
4350,발효,세계,1
4351,발효,세포,1
4352,발효,소비자,1
4353,발효,소포,1
4354,발효,수정,1
4355,발효,시설,1
4356,발효,식물,1
4357,발효,안심,1
4358,발효,안전,1
4359,미세,혜택,1
4360,미세,향료,1
4361,미생물,분쇄,1
4362,미세,행사,1
4363,미생물,자료,1
4364,미생물,저분자,1
4365,미생물,전하,1
4366,미생물,제공,1
4367,미생물,제등,1
4368,미생물,제조,1
4369,미생물,제품,1
4370,미생물,중복,1
4371,미생물,증점,1
4372,미생물,지용성,1
4373,미생물,차이,1
4374,미생물,처리,1
4375,미생물,체질,1
4376,미생물,추석,1
4377,미생물,특징,1
4378,미생물,프린트,1
4379,미생물,한국,1
4380,미생물,함유,1
4381,미생물,핵심,1
4382,미생물,행사,1
4383,미생물,향료,1
4384,미생물,형태,1
4385,미생물,혜택,1
4386,미생물,입력,1
4387,미생물,일반,1
4388,미생물,인증,1
4389,미생물,수정,1
4390,미생물,사용,1
4391,미생물,사이드,1
4392,미생물,사진,1
4393,미생물,생산,1
4394,미생물,선물,1
4395,미생물,섭취,1
4396,미생물,세계,1
4397,미생물,세포,1
4398,미생물,소비자,1
4399,미생물,소포,1
4400,미생물,시설,1
4401,미생물,인공,1
4402,미생물,식물,1
4403,미생물,안심,1
4404,미생물,안전,1
4405,미생물,영양학,1
4406,미생물,영해,1
4407,미생물,용량,1
4408,미생물,용해,1
4409,미생물,유통,1
4410,미생물,유해,1
4411,미생물,을사,1
4412,미생물,회지,1
4413,미세,바로,1
4414,미세,발효,1
4415,미세,중복,1
4416,미세,인증,1
4417,미세,일반,1
4418,미세,입력,1
4419,미세,자료,1
4420,미세,저분자,1
4421,미세,전하,1
4422,미세,제공,1
4423,미세,제등,1
4424,미세,제조,1
4425,미세,제품,1
4426,미세,증점,1
4427,미세,을사,1
4428,미세,지용성,1
4429,미세,차이,1
4430,미세,처리,1
4431,미세,체질,1
4432,미세,추석,1
4433,미세,특징,1
4434,미세,프린트,1
4435,미세,한국,1
4436,미세,함유,1
4437,미세,핵심,1
4438,미세,인공,1
4439,미세,유해,1
4440,미세,배포,1
4441,미세,세포,1
4442,미세,보존료,1
4443,미세,분말,1
4444,미세,분쇄,1
4445,미세,사용,1
4446,미세,사이드,1
4447,미세,사진,1
4448,미세,생산,1
4449,미세,선물,1
4450,미세,섭취,1
4451,미세,세계,1
4452,미세,소비자,1
4453,미세,유통,1
4454,미세,소포,1
4455,미세,수정,1
4456,미세,시설,1
4457,미세,식물,1
4458,미세,안심,1
4459,미세,안전,1
4460,미세,영양학,1
4461,미세,영해,1
4462,미세,용량,1
4463,미세,용해,1
4464,분말,차이,1
